date,GRCPAIAD,GRCPAISDR,GRCPAIUSD,GRCPRCAD,GRCPRCSDR,GRCPRCUSD,GRCPNRAD,GRCPNRSDR,GRCPNRUSD,GRCPBMAD,GRCPBMSDR,GRCPBMUSD,GRCPBCAD,GRCPBCSDR,GRCPBCUSD,GRCPAISAD,GRCPAISSDR,GRCPAISUSD,GRCPBCSAD,GRCPBCSSDR,GRCPBCSUSD
1995-01-01,29.7766986829848,32.0005023089741,35.2311089945901,54.2715126442972,58.340808068307,64.1967574852942,25.4155996196123,27.3126899099895,30.0721655147216,42.8581721228769,46.0737251960693,50.71490034214,21.3163995856502,22.8954883505933,25.2132048562994,,,,,,
1995-02-01,29.9443678772372,31.0569844358213,34.4806027803075,55.7076551447626,57.7935374682099,64.1306995112245,25.3169773293511,26.2566824646264,29.1531929845633,40.4504715860399,41.9669258636554,46.5838579651107,21.8168736734631,22.6147848884685,25.1140438824378,,,,,,
1995-03-01,30.2677819557229,29.82445526296,34.3537094068186,56.6608166422819,55.8463787867485,64.2935297437124,25.5152570478003,25.1406056491389,28.9606005740706,39.3926576108909,38.8281446136014,44.7157465866022,22.1859716490385,21.848729426813,25.1730551139079,,,,,,
1995-04-01,30.4874679309142,29.2742494504796,34.6714301561699,54.9448020809001,52.7729401343102,62.4695549267877,26.1553027560563,25.1135454146497,29.7457364783608,39.9582177561404,38.380440573051,45.4473613015759,22.9212464309518,21.9967466310353,26.0587189568294,,,,,,
1995-05-01,30.9142939284427,29.6912757553179,34.7637440606443,55.6407121669947,53.4542784164453,62.5534534024789,26.5371555507527,25.486356948839,29.8425655970967,38.9212143343417,37.3934333116145,43.7729441171433,23.8460557422834,22.8897943499505,26.806999045902,,,,,,
1995-06-01,31.6312669186119,29.9216051368717,35.1659237023396,56.9571422837059,53.8935456093219,63.3060232023501,27.1470544176502,25.6788090902618,30.1816328007419,40.3578482074177,38.1887758146109,44.8730520392464,24.5780988672892,23.2365900859408,27.3160665069206,,,,,,
1995-07-01,31.2708894646816,29.9967966138664,35.1168188305311,54.8819684634066,52.6604527428179,61.616356113766,27.1427298310601,26.0358662890527,30.4819700140129,41.7976616150687,40.1075435271836,46.943890840235,24.5773298471017,23.5627052975606,27.5914206725077,,,,,,
1995-08-01,30.7163392737207,30.9287604869997,35.1747994199526,53.6916496997345,54.0779316065417,61.4695905843824,26.7077984731597,26.8914991875964,30.5854475100128,41.2616663701588,41.5603557521522,47.2564508039988,24.3103599792743,24.4647205085143,27.8303068947898,,,,,,
1995-09-01,30.2142647907324,31.5865513848447,35.2064305954601,52.813511732272,55.2275136900578,61.5242616115201,26.2713568815281,27.4635421321934,30.6130812744252,38.2204932295964,39.9692411000236,44.5408413790477,24.4519703680328,25.548173187125,28.4831658216346,,,,,,
1995-10-01,29.5846544976629,30.7567659081182,34.6488115475211,51.8515587009565,53.9207899716998,60.7120721728738,25.6942773256666,26.7112638502438,30.0935084866376,36.7246157335786,38.1918643784466,43.0161230095157,24.0107010579404,24.9479471550351,28.1119591982176,,,,,,
1995-11-01,30.4068613819315,31.1859974594677,35.040321391817,53.0788721831316,54.4540261982408,61.1518460173522,26.4540636707672,27.1309064530287,30.486211348496,38.2777592598837,39.2711831138236,44.1159013887047,24.6266811610288,25.2435100227135,28.3704880084954,,,,,,
1995-12-01,30.4951079646335,31.3015722798003,34.9396774061944,52.999858620118,54.4165436180652,60.7092441040385,26.5806713563266,27.2826020192227,30.4557456233537,38.1619826194289,39.1837810108746,43.7292278628568,24.4956993447417,25.1293716726631,28.0571135990802,,,,,,
1996-01-01,30.4975698436573,31.6489792266288,34.9616883235241,52.3946866088943,54.3878616804173,60.0490039541327,26.7131306883109,27.7206319114448,30.624325072801,36.2957760619975,37.6781866521427,41.6136119456269,24.7262042981058,25.6452971351675,28.3366853309763,,,,,,
1996-02-01,30.065304684248,31.8784615779875,35.0952362545332,51.3092892658094,54.4186806983859,59.8783684922078,26.407796257469,27.9993384622753,30.8268604626307,36.0419419362448,38.2278049704689,42.0768197564611,24.3550904749509,25.809363948728,28.4208289087282,,,,,,
1996-03-01,29.3666778590697,31.8575765992743,35.0013620396659,49.5558342952019,53.7740780879082,59.0495124837329,25.9141515009084,28.1111605011636,30.8874242966872,35.8035432487864,38.852892697311,42.6784165252075,23.8843319475278,25.8956504756433,28.4582149920046,,,,,,
1996-04-01,29.0802478315212,32.433264730856,35.3667275750991,49.5427519407338,55.2704441726966,60.2376886008473,25.560843521943,28.5070061713399,31.0875524051856,34.7321658218589,38.7493001459339,42.2455339371627,23.8344570257541,26.5676802384219,28.9778705763437,,,,,,
1996-05-01,28.8762283420563,32.7520344776912,35.5563039403622,50.1004054372857,56.8406872343607,61.6749465431057,25.1879573591516,28.5676574101065,31.0158485222089,34.6253382804771,39.2854085434059,42.6405042223128,23.39579120511,26.5210895111469,28.7990599199157,,,,,,
1996-06-01,28.7058392120417,32.3782693479479,35.0970420778083,49.5293659602276,55.8812891799514,60.5416754618302,25.0982207326481,28.3080649017695,30.6872363267655,32.0806513273194,36.1964513053711,39.2279496759346,23.945810904834,26.9940931133071,29.2680810534837,,,,,,
1996-07-01,28.4869993473873,31.9081469723868,34.7383238983443,48.6388537331388,54.4952280319227,59.2975684009183,25.0165575780156,28.0198812738521,30.5073354597768,31.0863084142282,34.8308011076849,37.9125913673745,23.9249216531683,26.7831227529805,29.1660160756099,,,,,,
1996-08-01,28.8211329436214,31.834417875352,34.8897335419185,48.9977187620184,54.1354796772616,59.2998866667569,25.3552375491122,28.0051183492511,30.695086579892,31.5990302242948,34.9139553445476,38.2571419402734,24.1444213795693,26.6537595429744,29.2191674967006,,,,,,
1996-09-01,28.3559656280407,31.9030464069287,34.7388567754127,47.4873459892099,53.4423906210164,58.1621400321405,25.0998661288019,28.2385884520625,30.7508454802272,30.3319920357177,34.1372145292804,37.1641477594003,23.9583797515804,26.9402094653167,29.3422192076115,,,,,,
1996-10-01,28.4053398625336,32.1361663265875,34.7559901994406,47.0258991855589,53.2171300481333,57.5252061182545,25.2599179391522,28.5765553008848,30.9083759829491,29.3219392787989,33.1838063595479,35.881825535251,23.9913273368392,27.1271495895161,29.3459642745023,,,,,,
1996-11-01,28.0339565907733,31.5849287660392,34.4833781973978,45.6045519940732,51.3953660511661,56.0821947572828,25.1021083473473,28.2806618858415,30.878072569542,30.973260279844,34.9077503268433,38.1034671142145,23.5759932601262,26.5473584162392,28.9907759433109,,,,,,
1996-12-01,27.9363074069375,31.8287669789469,34.4378113446327,44.7842963177179,51.0383743569383,55.1929611592896,25.1560936471412,28.6601118582335,31.0116104072877,31.325732746079,35.7019128858591,38.6206824741982,23.5970115116564,26.8697501115283,29.0795698459057,,,,,,
1997-01-01,28.6865241720515,32.345639121711,34.5288130379387,46.2022414536043,52.1100052736892,55.5978712794201,25.7856169077908,29.0736258890143,31.0381495017732,33.7562778763102,38.0742883022112,40.6359518240876,23.9381618412619,26.9764262533596,28.8044077693194,,,,,,
1997-02-01,29.0607190446796,33.0850517165241,34.4706341451586,47.9406555360566,54.5946008241372,56.8510230424225,25.879126417965,29.4617770504721,30.6977895443674,34.6959485542031,39.5133326801378,41.1598559754628,24.2744851972746,27.6204849679906,28.7844130206635,,,,,,
1997-03-01,28.7572064487677,33.8571012679575,35.0477057395477,49.1378849238405,57.8681769533589,59.8715851045373,25.2457901882579,29.7218549504409,30.7692168222693,34.8350256460287,41.0259499274604,42.4601180393044,23.48283974418,27.6318206243912,28.6106645169338,,,,,,
1997-04-01,28.7917286479809,33.6099794024203,34.6524778372352,50.2256385814203,58.6470589049118,60.4342893788866,25.0561252824881,29.248141972392,30.1574794609443,33.8397952284802,39.5155167683735,40.7330044050648,23.8351120405161,27.8082406296319,28.677955306364,,,,,,
1997-05-01,29.020785465682,33.4463868924105,34.7612614929909,50.091174023775,57.7459488428001,59.9844906471761,25.3696524459123,29.2373784026762,30.3889334852998,35.2442946748621,40.6320097375932,42.2208870644681,23.72893823299,27.3321730460481,28.4137859095307,,,,,,
1997-06-01,29.2377988689342,32.5680483169483,34.0462562443459,50.2394710077811,55.9773560738193,58.4872424700634,25.6077461813597,28.523464903025,29.8202047310703,35.7036720119633,39.7831692564863,41.5805028846548,24.2377394289248,26.9832949784486,28.2150765898959,,,,,,
1997-07-01,29.1724240731683,32.299777689775,33.46146006488,49.8775245608825,55.239809323372,57.1963952803255,25.6038605231879,28.3476023684498,29.3692189286606,36.6839525491977,40.6296023476412,42.0824151015213,24.5458493321412,27.1619464384836,28.1458821605504,,,,,,
1997-08-01,29.5373151922004,33.2334302176965,33.8550077854135,50.9467870855218,57.3378253877701,58.3794635860634,25.8288818780037,29.0598670457105,29.605478294056,37.8437141375464,42.5929126184031,43.3808260842258,24.5536119000916,27.6105684892997,28.1340153216222,,,,,,
1997-09-01,29.9025774037472,32.7243186601761,33.4346010996853,51.5386509073754,56.417690051052,57.6118694310814,26.156442547136,28.6236182437924,29.2469629219484,37.1235802622483,40.6397733528973,41.5135181850574,25.1038735359372,27.4573448075026,28.0603247734064,,,,,,
1997-10-01,29.8030612659664,32.2858541372005,33.2104348679052,50.9387079125129,55.1975236289465,56.7483201621445,26.1609992324031,28.3393312374775,29.152955512868,35.7999465396439,38.7947731443185,39.897733850931,25.1565217909303,27.2369082789311,28.0239089342285,,,,,,
1997-11-01,30.6408807173508,31.8446156406623,32.9207966577455,53.083066092273,55.1837274083691,57.0185922594024,26.7441123875108,27.7937291120137,28.7350432881717,35.9490343977774,37.3732985843559,38.6285570545211,26.2064688383301,27.2206870716396,28.1476427587558,,,,,,
1997-12-01,31.2401538476213,31.4187535633805,31.9872587049517,54.2715918990235,54.596979043148,55.5555969053138,27.2350290885578,27.3897139009,27.8872877115118,35.826130924168,36.0425185191258,36.6873152416192,27.472696165939,27.614226345575,28.1209231763477,,,,,,
1998-01-01,30.7307262026711,30.7784390365115,31.0722455928857,52.4544219323043,52.5504134153202,53.0241019397002,26.9902305757098,27.0311315648401,27.2910966408678,35.2548117947909,35.3208870049206,35.6508904892413,27.4696411324248,27.4968257922487,27.7662503689308,,,,,,
1998-02-01,29.8322963985464,30.5975216798303,31.0354988642077,50.2938822423058,51.5982522218996,52.3092634226674,26.3352233096465,27.0097419964033,27.3983005617879,33.5872481753075,34.4598531909709,34.9460933390582,26.8439319027374,27.5170266000981,27.9178909004113,,,,,,
1998-03-01,29.7929714702991,30.5123710472411,30.8360118768818,50.8410984077901,52.0831599665599,52.6078686389966,26.1693260331716,26.8002310839598,27.0864130232233,33.7699003732008,34.5964350250731,34.9563699482309,26.9263241456871,27.5610028018974,27.8603061952566,,,,,,
1998-04-01,30.353782703514,30.3285805075429,30.5952863313358,50.0809288160568,50.0532063195298,50.466765944945,27.0290971706444,27.0056520338466,27.2450629547043,34.8148454337863,34.7971093978056,35.0960577926051,27.3619791672121,27.3238932929633,27.5710712833503,,,,,,
1998-05-01,30.7075322403891,29.6415656904468,29.9485499205155,51.5621736251775,49.7860538760463,50.2751642734833,27.1521761728392,26.2086547932365,26.4819584880881,34.4384390905682,33.2536342631607,33.591276331923,27.8904540161823,26.9071448413004,27.1926102887988,,,,,,
1998-06-01,31.0855452020924,28.9000879584237,28.9594045840345,51.438452807044,47.8353369639972,47.9082641605563,27.6485964117757,25.7038175260468,25.758395295222,34.4272542568944,32.0171371597083,32.0764051654485,28.7117965067165,26.6782201738179,26.7396635759893,,,,,,
1998-07-01,30.0908538266291,28.7372631249079,28.739727444829,49.9519969021927,47.7181955480629,47.6971453338577,26.7297781791269,25.5264318792566,25.5304261389669,33.7155801167215,32.2092760752164,32.2055658987872,27.4610959067755,26.2110589841456,26.2198637792368,,,,,,
1998-08-01,31.0459592412292,28.419655744596,28.3140348041139,50.828729817843,46.5418081458207,46.3444075217339,27.7297526961602,25.383037468663,25.2904903577506,35.0213311495955,32.0690292022296,31.9434259042855,28.7140338350786,26.2702222533536,26.1791365495361,,,,,,
1998-09-01,30.725828664908,27.2965500229212,27.9556444337339,48.7062940112986,43.2822178608469,44.3039438881255,27.7855708126478,24.6835342828117,25.2813232550217,35.3700559773711,31.4325298726643,32.1850223228013,28.4833843037148,25.2901587178738,25.9072863346456,,,,,,
1998-10-01,29.4965886770156,26.6762192527971,28.1605003350101,46.8394249866833,42.3725212035256,44.7065882572288,26.6564894715954,24.1067855828415,25.4499013968656,32.5265522760005,29.4259133384455,31.0569476739182,27.4850466429657,24.8430420126715,26.2318841090285,,,,,,
1998-11-01,28.5950498783003,26.7380236903157,28.0197686609543,46.6165163866059,43.601208404765,45.6672543765975,25.5833103772973,23.9209844968717,25.0694612880572,31.7729609497157,29.7190941666224,31.1374856099824,26.2128206160636,24.4967240590551,25.677448944347,,,,,,
1998-12-01,28.6919595269094,26.0494070576376,27.4125116226298,47.4033375973677,43.0493717719461,45.2781776189188,25.5355546441654,23.1828482597863,24.3976776872344,31.4013589152352,28.5184231909497,30.0046956646288,26.4677556603904,24.0165465752846,25.279598267095,,,,,,
1999-01-01,28.3622790810447,26.1602768054122,27.6418570391367,46.7439254607071,43.1267423554716,45.5452059174769,25.2666744059078,23.3041441165251,24.6257093507225,30.3564631081641,28.0086265059339,29.5889411472209,26.2685185243515,24.2154530458218,25.593289120656,,,,,,
1999-02-01,27.6734032568416,26.3488477886389,27.3610551285437,45.2674359832293,43.1126995655371,44.7453144352524,24.7259315323637,23.5415787292779,24.4476718032273,29.9979214723633,28.5712771926664,29.6628992941779,25.723433029611,24.4784432747724,25.4251562286856,,,,,,
1999-03-01,28.1803753742011,26.7843739611873,27.431256806303,46.1375184698138,43.8640999862643,44.8998161771993,25.1701845596723,23.9224133780188,24.501908130367,30.520561172331,29.0179464214921,29.7128021230246,25.9197492024879,24.6218868125549,25.2228501174243,,,,,,
1999-04-01,27.2689125508134,26.5558611643018,27.0408533123583,45.4689971600466,44.292297739832,45.0774507529374,24.1799488161475,23.5467954995327,23.9785283466969,31.6053115512619,30.7887515997212,31.344750178671,23.4972112618336,22.8699229393885,23.2934237138736,,,,,,
1999-05-01,26.3723926124591,26.6118951317988,26.9792200360516,44.5754000110758,44.9926718959271,45.5896759729625,23.2564168541196,23.4667495635806,23.7923442936735,31.6817083299913,31.9796934199721,32.4145959872099,22.2470880213459,22.4365074145265,22.7518891276604,,,,,,
1999-06-01,26.6845997386576,26.8572884578515,27.0423710953212,45.8756826330311,46.1853538206702,46.4791325050969,23.3665416377971,23.5168838816147,23.6806211422664,31.2870040147592,31.4995886518672,31.71029024669,22.7681039118072,22.9025660852958,23.0661638199634,,,,,,
1999-07-01,26.7965623510202,27.0801137466021,27.2326153425313,45.6773888975663,46.1735148533493,46.4090776459883,23.5481389976847,23.7964326368655,23.932134453499,33.583699944489,33.9499685028151,34.134297825788,22.0158276464038,22.2362847547706,22.3671019403144,,,,,,
1999-08-01,28.01735826487,27.2567094660374,27.933561645003,48.2096120795433,46.9137493246298,48.053404896315,24.5244554018959,23.8577497035142,24.4519262395028,35.3483669553101,34.399729690217,35.2468774688412,22.4497082635919,21.8279400540238,22.3755780490266,,,,,,
1999-09-01,28.1429439750188,27.2871803881202,28.2166884323286,47.3853111529741,45.9571551596623,47.4975985061621,24.8568433257555,24.1001072493016,24.9228134372776,36.7923330837198,35.6850161640551,36.8931730418556,22.1745179417826,21.4881552208856,22.2256840314073,,,,,,
1999-10-01,28.5583343530921,27.5409872703656,28.7460730817303,45.9866467661281,44.3607252990224,46.2773831894055,25.6723431185441,24.7568852532634,25.8419769666879,36.2150562983038,34.9361649173585,36.4575080282778,22.2294377242633,21.4254976297861,22.3685875221909,,,,,,
1999-11-01,28.7879115548299,27.5068690124358,28.4452535145589,46.580511511212,44.520037097397,46.0145629112847,25.8307850234057,24.6804156311033,25.5241817816737,37.1857698012157,35.5424376164535,36.7475669156632,22.1683983037082,21.1700130072298,21.8976947191215,,,,,,
1999-12-01,28.6505105351766,27.4881136020874,28.3490645915197,45.1487158773565,43.3289573990545,44.6625144329051,25.9661088891905,24.9116968463955,25.6937691116755,38.8367029984258,37.2730008588216,38.4326991235787,21.9363002692006,21.0344791842773,21.6987233319198,,,,,,
2000-01-01,28.5681750538184,28.1963109292269,29.0269043751717,44.7882214782729,44.2174684291379,45.4960235174445,25.9408263130761,25.602210445181,26.3582519353898,39.7267458445847,39.2222242449468,40.3695008642447,21.60621355412,21.3129843631051,21.9463004324665,,,,,,
2000-02-01,30.373967020235,29.1971769979791,29.5235622376637,47.4379562323798,45.6126789545077,46.0982680556864,27.6193149083018,26.5482630351403,26.8469353443272,41.4221787428665,39.8301294325667,40.2672844377629,22.5911936160628,21.7037277285294,21.951836016483,,,,,,
2000-03-01,31.0198212166375,28.9556947352006,29.2164837628828,49.6117337518285,46.3232869542276,46.7158719750557,27.9574760239216,26.0961550874383,26.3330517485205,41.7136717299415,38.9504564895865,39.2933665456023,22.9485459198462,21.4094584045282,21.6076860536413,,,,,,
2000-04-01,31.4438964139541,28.8264683192915,29.0439534419777,52.0834130160051,47.7611506777705,48.0961384959101,27.9562118213092,25.6281506370758,25.8233316181066,40.1543495646787,36.8236734194841,37.0940398672365,23.5077324645522,21.5388062630706,21.7067371064015,,,,,,
2000-05-01,32.8643738554126,29.8205799571586,29.3715743387005,54.8571890446884,49.7902764647236,49.0147522826472,29.1291339598614,26.4303041235414,26.0341864648958,42.241499747404,38.3415341227016,37.7566415002314,24.3287890375584,22.0631249721241,21.7363584746292,,,,,,
2000-06-01,32.6363569773016,29.9353787899315,29.9359575491562,53.7562916441127,49.3210880916502,49.2960566106129,29.0810462522139,26.6733138295002,26.6757157853745,40.5318767623657,37.1894050244671,37.182651570276,23.9456983480019,21.9516110829571,21.9575266608271,,,,,,
2000-07-01,33.0627344669847,30.22860173366,30.072582411991,55.0208858779164,50.3184358654017,50.0323534362618,29.3407447244868,26.8246637616257,26.688100374405,42.029405287926,38.4389900183319,38.2329107735177,24.024649257302,21.952912928573,21.8450700903187,,,,,,
2000-08-01,33.4927231363861,30.597278854354,30.0955836238215,56.3290470105258,51.4736557303422,50.6029823004337,29.5956172846715,27.0360731162294,26.5946505362084,42.3456958888891,38.6973346414429,38.0551771986498,24.3511379500259,22.2334785340768,21.8743926381657,,,,,,
2000-09-01,35.4263638771072,31.1792882432334,30.3288958387556,57.8226098549375,50.9046636664616,49.4901886297121,31.6802684111233,27.8812560526709,27.1227329500967,46.6661707883169,41.0848038351429,39.9562158460192,25.4998001102998,22.4301513091231,21.8238429916321,,,,,,
2000-10-01,36.8139134181666,31.0866990125102,30.0552544379639,61.1860384058707,51.6815132337218,49.940416046421,32.6861726116349,27.6000936758437,26.6862203163673,45.6978284557596,38.6009167019333,37.312654722672,26.8938759377542,22.6971761510588,21.9495818668477,,,,,,
2000-11-01,36.8005328866646,30.8174473315153,29.694914647745,61.5436579218442,51.5520719728867,49.6481051572547,32.5930705874917,27.2930264877486,26.3007314012869,44.9623025062296,37.6643547703779,36.2851298029476,27.013471815668,22.6088653993777,21.7907816948131,,,,,,
2000-12-01,35.1553771224873,30.5945161471229,29.7404860321444,59.3711760656962,51.6830035345815,50.2138303722779,31.0122468094229,26.9878895600815,26.2363917624866,44.6118814979438,38.8366536314644,37.7449630403418,26.1033508058211,22.7040794253968,22.0758275344315,,,,,,
2001-01-01,34.8485353134369,30.5825833903363,29.9177376396939,59.5395705010451,52.2655591937512,51.1024022534619,30.5947582218346,26.8485310436957,26.2667185400685,44.3119223947236,38.9000056596354,38.0466983784355,25.9178308861354,22.7323377660811,22.2437140650182,,,,,,
2001-02-01,36.3261350795256,30.9032910736044,30.0334194983125,61.7715072507144,52.5646772278718,51.0581630517328,31.9545546280403,27.1832996388632,26.4200072559973,45.5592299496983,38.7704951558408,37.6716053360226,26.7254967051823,22.7230766675858,22.0889873359753,,,,,,
2001-03-01,37.7808939603593,30.6154906377724,29.4676521333825,66.1596025814463,53.6268325505377,51.5890571867462,32.8249216498271,26.5984639215237,25.6030425291281,46.1147573528408,37.3807796702458,35.9720672171757,28.0387802249994,22.7082632262629,21.8623505172354,,,,,,
2001-04-01,38.5434416716382,31.3285671806532,29.8336308355298,66.0173352772556,53.6745356870342,51.0863658286396,33.8033818668623,27.4747694758982,26.1655788140667,45.8468478166611,37.2768285453065,35.4909206277522,29.8198906101507,24.2243368244312,23.0741705186148,,,,,,
2001-05-01,38.1613487806212,32.3098292788884,30.663603593033,63.4485600493532,53.7344715457613,50.969766603714,33.8776019108012,28.6818706003145,27.2224188096208,45.248529988736,38.3225902422724,36.3626992858031,30.0819511159614,25.4549798579683,24.1640601991617,,,,,,
2001-06-01,37.9820038752271,32.3586394878303,30.4044986475358,62.7629101315885,53.4854577126379,50.228989815346,33.8012371203956,28.7957795415266,27.0587134461283,43.2622167519415,36.8689341233765,34.6354556679578,30.9137720364027,26.3220790552809,24.73867327226,,,,,,
2001-07-01,38.1804385426399,32.0193942370501,30.0924626776877,63.3472080256022,53.1398032490337,49.9155309889152,33.9230065417663,28.4479122479624,26.737803621526,42.1078109620881,35.3243596067288,33.1918643295545,31.8204304668585,26.6706781671116,25.0719031002778,,,,,,
2001-08-01,37.3527197896716,31.6338743642857,30.2820745784631,62.1556588420651,52.6539667051198,50.3773673162609,33.1534741388828,28.0765062607107,26.8786229096293,39.5735734559863,33.5254686656458,32.0863877297364,31.4285463553551,26.6017531585058,25.4713592458826,,,,,,
2001-09-01,38.8724668012635,31.4637818005733,30.4085311457433,65.2191598620522,52.803691482906,51.0058441948844,34.4020396558519,27.844336715897,26.9123801190795,39.5209281766391,31.9989250942626,30.9195127115627,32.9385807124559,26.6458458796873,25.7586237265064,,,,,,
2001-10-01,37.2651684928682,30.2349763733788,29.0676047915354,61.0101090480106,49.5140681657762,47.577252378949,33.2634073225171,26.9871574484641,25.9470188007126,37.9841351617508,30.8282037568813,29.6319726545776,33.2221231188925,26.9395127882669,25.9058575408958,,,,,,
2001-11-01,36.5086013205989,30.5874607978844,29.1540801806717,61.1177277607018,51.2195425010193,48.7935871485359,32.3354352126031,27.0901123319347,25.8224493617563,38.6322190507961,32.3770532383874,30.8536087294181,32.5925887809959,27.2912166627429,26.0188104976695,,,,,,
2001-12-01,36.656762400177,30.6604816154727,29.1149855985421,62.7764545656756,52.5220800055278,49.8483351496805,32.2019186535637,26.9333565894041,25.5775415386091,39.4633615079549,33.0185789022069,31.3479189291188,32.0372079110594,26.7815270887731,25.4379182179979,,,,,,
2002-01-01,36.8428669121211,31.2080987738466,29.4115530583017,63.8040551346308,54.0607965985279,50.9218555832388,32.2323708932161,27.3017201608558,25.7318711017832,40.7404139633516,34.5206342048265,32.526860116981,31.5857605154744,26.7399777854616,25.2069506243131,,,,,,
2002-02-01,36.9421617353823,31.3105500456103,29.2823118496971,63.1948909574903,53.5760418539336,50.0790894324637,32.4658312759349,27.5155870888737,25.734999158897,41.0781311076204,34.8271953722125,32.5646111556468,31.7254209754255,26.8739555640315,25.1393984665157,,,,,,
2002-03-01,37.0499917809089,31.9780858963818,30.0337252136561,63.3728684035375,54.7126787059429,51.3589162050145,32.5618117586132,28.1032647416896,26.3963709728291,41.6707150263476,35.9778109231711,33.7834659808766,31.3938849397932,27.081032622907,25.4407893039723,,,,,,
2002-04-01,36.4777886090085,31.9758629933689,30.1716298150143,60.4736095474469,53.0249085721008,50.0066266233604,32.4193443579576,28.4172379776577,26.8156958337747,40.6127580905937,35.6119446917371,33.5957945371252,30.7168226932937,26.9107543819155,25.3986709228944,,,,,,
2002-05-01,35.3891973367258,31.34368875655,30.0554511159365,57.5533294365102,50.98825048863,48.8668550247677,31.6612279412799,28.0408395627476,26.8902517261546,38.7564699362352,34.3370547227546,32.9191729473234,29.8558223053231,26.4279964758466,25.3481347776181,,,,,,
2002-06-01,34.3947075625145,31.0214602669989,30.2678149167024,56.9192132529797,51.3511021546436,50.0771651587807,30.5869813525914,27.586150359296,26.9178669215939,38.1486962525328,34.4183265137089,33.5754090745911,28.6089989389409,25.78867844979,25.1684541545837,,,,,,
2002-07-01,35.7212759759803,30.5974121343082,30.5957858522563,61.3757193878794,52.5865395230698,52.5560410519023,31.3423374419385,26.8455916157314,26.8460630561525,38.7855261602719,33.2327938717527,33.2243505417345,28.986601246459,24.8148033685706,24.8196913863235,,,,,,
2002-08-01,36.6019425750304,30.8994949542878,30.6558492035401,64.7438039068269,54.6720957871451,54.2124240298476,31.766934739335,26.8167671528269,26.6071955570168,37.8185813900335,31.9368378640678,31.6786462155439,29.79953108717,25.1427331073469,24.9507197424345,,,,,,
2002-09-01,37.1324178580828,31.5919369489853,31.3821598985158,69.0027933219966,58.7232335254759,58.302566441257,31.6041570920466,26.8875419720123,26.7108918368884,37.5141669914152,31.9269745464907,31.7086004163153,29.172112352263,24.8054272546915,24.6468777751021,,,,,,
2002-10-01,37.4890301854192,32.1534917532321,31.8372839115046,71.7436322955822,61.5499298509596,60.9125195957979,31.5176756917414,27.0309919961204,26.7670531972032,37.6547023950242,32.3059554764418,31.9818209888201,28.584512876096,24.5025081250705,24.2676114154559,,,,,,
2002-11-01,37.1309033384574,32.1748727255346,32.1903107098896,70.1203330533749,60.7778814080093,60.7750076991165,31.3926138760244,27.2014882235787,27.2164644047895,38.85012787753,33.6754345775858,33.6848230395901,28.6149691694625,24.7816611408858,24.7997537144404,,,,,,
2002-12-01,37.3023987902272,32.2693078297713,32.4565333738285,69.1392559759013,59.8270867462312,60.142499251892,31.782500991099,27.4931703504052,27.6546403746736,38.7436503890066,33.5268583934626,33.7146047082555,28.1903476121796,24.3730079284043,24.5205515194065,,,,,,
2003-01-01,36.5893662977883,32.0929760625759,32.9153747657857,65.9031820622643,57.8204880938972,59.2709242645744,31.5342672332397,27.6580598788963,28.3688176023323,38.4937958301,33.7742160009508,34.6327373126442,27.2112505826904,23.8539011564996,24.4712892280285,,,,,,
2003-02-01,36.513207300653,32.5767070794456,33.5460706566837,65.4213805424184,58.3844467395834,60.0900793938601,31.5333055470774,28.1326448415803,28.9718180148177,39.1474522805174,34.9381686702725,35.9705718290731,26.7036056967697,23.8112895392558,24.5259598622004,,,,,,
2003-03-01,35.3055596417214,31.916765790594,32.8529866935188,64.2483309512872,58.0975597541521,59.7702409368271,30.3044394326451,27.3946588268805,28.2002259214335,37.7766555823503,34.161640417526,35.1566453778456,25.9669411311087,23.4613165578108,24.1555529294504,,,,,,
2003-04-01,33.9353154204125,31.1129593685607,31.9818024203617,62.0049685607566,56.8638404888616,58.4209932118727,29.0813430560795,26.6616949857156,27.4081725819737,35.8360899890061,32.8661992529663,33.7772142165257,25.8283161946481,23.6668978030895,24.3338917751759,,,,,,
2003-05-01,32.0519753887096,30.3115862331948,32.0359376113629,55.7432225229136,52.7310233486026,55.7013997738619,27.9967233732622,26.4755465418293,27.9836538330987,35.2506608086875,33.3472910373505,35.2372546735719,24.2502763001804,22.9206201512909,24.2305773206177,,,,,,
2003-06-01,31.4635213043591,30.3676482608985,32.2947402978622,54.1632389574231,52.291214214564,55.580250075056,27.5871719023549,26.6253226993826,28.3169338688833,35.1200323633031,33.9076877921958,36.052180927116,24.041467915091,23.1910613613008,24.6689056315295,,,,,,
2003-07-01,31.7461651927284,30.8991913416127,32.4746648482352,55.097173042015,53.6420569555543,56.3474310791003,27.7510361546887,27.0096470896377,28.3888097329397,35.9833715921819,35.0345972557951,36.8135266253848,23.66807940078,23.0236762011379,24.203649515501,,,,,,
2003-08-01,32.9162858311038,31.7894724023375,33.1063379384067,58.2687654437277,56.2896536627195,58.5905445470172,28.5598133158076,27.5811089682229,28.7256760361528,37.3281660703783,36.0618981618064,37.5482012164933,23.9483336234956,23.1155166266824,24.0790889271075,,,,,,
2003-09-01,32.7596761155894,31.9599952969921,33.4693076751404,58.0818757112878,56.679760323493,59.3251932279542,28.4069765491955,27.7125177724529,29.0232950754757,37.0336368164745,36.1412279534343,37.8403946089532,23.9144809709834,23.3176015210612,24.4248846350582,,,,,,
2003-10-01,32.2179189092953,32.091648565702,34.5270261184408,57.5855515439693,57.3757451624267,61.6973653407399,27.8500870866824,27.7399047564714,29.8471468089642,37.8409061264358,37.704701299534,40.5578925699453,22.9006055965057,22.7980299627445,24.5342670661059,,,,,,
2003-11-01,31.8513633758082,32.7201566281495,35.2267804051439,57.7597204509709,59.3516359821146,63.8647779864856,27.377585478185,28.1233049001844,30.2799144587956,38.4550361754701,39.516639512986,42.5353796611638,22.0775669873549,22.6670168623363,24.4095947080203,,,,,,
2003-12-01,31.5373845599429,32.6706371497012,35.9786472988208,55.4279399498028,57.4355696570188,63.2177877058458,27.4384541499253,28.4233612657745,31.3035341748641,40.5111086143546,41.9802955996719,46.2216504870342,21.4934849073697,22.2533078807848,24.5126591261665,,,,,,
2004-01-01,31.5827053850688,33.4948624777902,37.5194373908542,57.5178536382127,61.0171341578955,68.3126382932223,27.1006237551042,28.7403479244913,32.1959207851769,40.9718657753262,43.4664373012117,48.6793637897149,21.0264599318275,22.2869602875275,24.9710946209959,,,,,,
2004-02-01,31.5134991183831,33.6657448062007,37.8625809057385,53.3609229002894,57.0210481267018,64.0956147728246,27.7977070715714,29.6950757652442,33.3992823659038,42.8817966080528,45.8251616281927,51.5274585886341,21.4150726794259,22.8647765275239,25.7215757686749,,,,,,
2004-03-01,33.2888137884442,34.8403237817671,38.5610178877895,56.2852212610259,58.9248526077183,65.1832403410901,29.3790421247978,30.7471848670606,34.0331679146478,44.0041984614763,46.0699150063361,50.9796028965015,23.2527070996048,24.3227789583607,26.9270094437404,,,,,,
2004-04-01,34.1206878160356,35.7840648429558,39.3099862061941,57.2976302380662,60.107521432366,65.9953252222541,30.1871790934767,31.6576221138512,34.7794108145748,43.4365378759573,45.5686886644284,50.0486630341793,25.7556549056238,26.9960548396243,29.6634830240944,,,,,,
2004-05-01,36.9267709649664,36.9060416885059,40.2437558166655,59.99780284399,59.9807299090172,65.3708177514229,33.0473543514471,33.0275757257177,36.0170753682137,43.0132769850205,43.0029352002313,46.8826192707105,29.432926713248,29.399868889194,32.0667579436966,,,,,,
2004-06-01,37.4083526703604,36.4203770351475,40.1193478510943,60.1262189179703,58.5544642869665,64.4674620888848,33.6010859977522,32.7124470197924,36.0373767544401,46.2216706869712,45.015380597104,49.5773242911208,30.108059106711,29.2964112131565,32.2799217261679,,,,,,
2004-07-01,36.9626486653324,36.9637285361548,40.908415351271,55.9662140999477,55.983349900328,61.9251262663548,33.8470012068371,33.8467325131688,37.4614293840515,46.7560365672541,46.7724168052954,51.753464292549,29.7558541086662,29.7399968291327,32.9220162701071,,,,,,
2004-08-01,38.1040914426721,37.97130351095,41.790594114439,55.4966127316453,55.3185307273302,60.8505922992705,35.3047030235981,35.1803635159611,38.7216693572216,45.8459590106795,45.7008619266135,50.2875132870029,30.8957827564859,30.7708085077235,33.8743187085411,,,,,,
2004-09-01,38.9124138574122,38.3171242731754,42.1640395318686,57.9143637258442,57.0441731200562,62.7381528095702,35.8208441589022,35.2715395244764,38.8154326064414,46.9684656943731,46.2647843793577,50.899389926893,30.9506300216289,30.4600097785588,33.5264805290239,,,,,,
2004-10-01,38.4096174511747,39.1537334511161,43.4838205119036,54.6429925629534,55.7170274751815,61.8462807010363,35.8314886652247,36.5243011186321,40.5664626670059,47.4285680752431,48.362934545557,53.7006929257215,30.8937474049739,31.4745550200031,34.9641307817303,,,,,,
2004-11-01,36.7420527521864,38.4236792526807,43.6419309435359,52.825587438688,55.2586323354309,62.730142689785,34.1717106165853,35.7343688893863,40.5902602866724,45.4337349406333,47.5284231254168,53.9723273048756,30.243879919473,31.6103166528726,35.9122386510706,,,,,,
2004-12-01,36.3729688049458,37.3092979353099,43.1436250140185,53.6531609851436,55.0495666932307,63.6245311173593,33.5735523800952,34.4365382346639,39.8244469459646,46.0903479072119,47.2920071731254,54.6764151993442,30.3166766400263,31.0796219605626,35.9487592872629,,,,,,
2005-01-01,37.3602291842574,38.5379668076838,44.1956872525992,54.1256493123349,55.8473603228742,64.0125131501623,34.6694570110339,35.7610425175301,41.0139856151657,46.8348532775821,48.326780580559,55.4104513723955,30.8420067633812,31.7963818614494,36.4734983001578,,,,,,
2005-02-01,37.2391520539513,39.4099335590257,44.9186595560135,52.4882141949729,55.563293552602,63.2965734406297,34.8314747888526,36.8605360730404,42.0158779156907,47.4830013481077,50.2670635099735,57.2818889129247,30.7812202696978,32.5572385264725,37.1173762316871,,,,,,
2005-03-01,38.4379163990325,40.6232029583439,46.602316077552,52.840287598464,55.8598496037847,64.0478026743278,36.2037527933654,38.2606003287765,43.8950783974906,49.4723277994539,52.3017359729147,59.9876947290158,30.9615253929646,32.7033681361964,37.5261875128209,,,,,,
2005-04-01,42.719523244227,44.9437326120492,50.9973342812926,52.3019819752717,55.0403455943338,62.4209858681826,41.4421090703509,43.5981895036734,49.4740544254406,49.0048173374724,51.5728283158533,58.5075640590768,42.2616376630042,44.4370144171599,50.4349776041514,,,,,,
2005-05-01,42.5609078635844,44.7168897819984,50.3774805334291,51.4519311931679,54.0732721229474,60.8861676995912,41.4113196287091,43.5074510837036,49.018408381052,47.9513768616477,50.3965981136431,56.764760055646,44.5408395010963,46.770812399893,52.7045841363666,,,,,,
2005-06-01,43.761551633097,46.982844543013,51.8334737397174,50.6934643423081,54.4400895906965,60.0289812676544,42.9942651092708,46.1573630398783,50.9263684620106,48.0915152857321,51.6481167072263,56.9689517106494,46.6626567952979,50.0693400026598,55.2524445159993,,,,,,
2005-07-01,45.6382194958236,48.6792973741065,53.0549079796595,52.8239966247276,56.3594997305481,61.3930950269797,44.846174099035,47.8326972897759,52.135896572004,48.0125561333069,51.2282912555056,55.821803642715,49.0274188912987,52.2649389665535,56.9770991922835,,,,,,
2005-08-01,46.4122296337232,49.5342429576219,54.5843513575661,51.7471756018133,55.2433507963955,60.8434414652713,45.9769632203758,49.067874394878,54.0742592907046,49.6779130218906,53.0366243051387,58.4320641359305,48.596723098687,51.8365265264827,57.1356456023039,,,,,,
2005-09-01,46.7567390309711,50.1714148056929,55.2813165655343,53.2963880509111,57.2044975962354,62.9975035003214,46.0995896779825,49.4644355982052,54.5061865088046,49.06601169762,52.666241400084,58.0185786430087,48.311642773286,51.8107344033545,57.1018791373364,,,,,,
2005-10-01,47.6328828210778,51.0978918967784,55.5097257328065,55.0697788064137,59.0921393591766,64.1603827189042,46.8180325888526,50.2219002113293,54.5619583335859,50.5928613216866,54.2906188815068,58.9662651479975,50.2215232645873,53.8445568662445,58.5081718234987,,,,,,
2005-11-01,48.7045908141109,51.570082646774,55.3408686825873,56.0657470184886,59.3807674303429,63.6890960256189,47.9170224161885,50.734293373657,54.4478168508924,54.2711211003185,57.4825671341453,61.6732776747145,51.7217024934933,54.7339195617539,58.750736702732,,,,,,
2005-12-01,49.8250744419564,53.1211039771658,57.1120228940453,56.8578438720643,60.6358942803242,65.1570438315998,49.112796282422,52.3597618028469,56.2974629249549,58.8692002278399,62.7836709605732,67.4869632648873,51.0578655506438,54.4048479115828,58.5068443139055,,,,,,
2006-01-01,50.8827472491214,54.2002379690348,58.8895094771263,57.7762391754077,61.5602217117343,66.8510222969514,50.2095037572242,53.4811128182681,58.1122765560575,62.2127865662613,66.2902611166989,72.0110599457423,49.5140073887253,52.712610961654,57.2875031851545,,,,,,
2006-02-01,51.9662460641707,55.1792935174128,59.5430576190321,61.3176941292642,65.126969453299,70.240403959822,50.844935538392,53.986647095035,58.2602123393598,65.2249328557082,69.2799977288795,74.7438719412268,50.0751245187275,53.1413566772927,57.3582981358753,,,,,,
2006-03-01,53.1141904529526,55.2449923255596,59.7213788496224,61.6682001428398,64.1599311044676,69.32213530425,52.156530799556,54.2468983938805,58.6465583996039,67.1978114714153,69.9160547541032,75.5660206489782,51.4768130188302,53.5118310635214,57.8622534306371,,,,,,
2006-04-01,55.1539247270188,57.4980780321485,62.6315428393381,61.40809196162,64.035790324312,69.7161972821151,54.6527426082663,56.973477869609,62.0644946791546,77.2624697333673,80.5721450831657,87.7480428045339,50.0331704085659,52.1303617352967,56.798797768537,,,,,,
2006-05-01,55.3334154321882,58.3659738768523,65.257419908601,60.3440207629073,63.6688150912138,71.1488793898982,55.067798225154,58.0836414303657,64.9463440364062,85.9080530084596,90.6453580815824,101.327764598573,47.7460310720314,50.3344519641137,56.2916695660154,,,,,,
2006-06-01,55.3220797283237,56.9378919045726,63.2871406565228,60.6878856577446,62.4777177915069,69.4081361324342,54.9896646537768,56.5936651826478,62.9089769326023,79.9558278928535,82.3175514156149,91.4785484410117,50.8421792507468,52.2977316377247,58.1440883757763,,,,,,
2006-07-01,56.2349334675966,58.8176033886205,65.2868665607184,61.7004660041251,64.552021581457,71.6142556710926,55.8949338726827,58.459816811102,64.8943162909847,85.6314246321941,89.5929304602482,99.4271458633845,49.0719353739246,51.2967836010518,56.9530855962814,,,,,,
2006-08-01,55.8390502396403,58.9187881412042,65.8212760532807,59.5924813671378,62.8966502987169,70.228136220752,55.8155293882048,58.8917819614473,65.7957585079918,87.4684671627892,92.3223248544479,103.117400077785,47.9489985928839,50.565130630556,56.503096416851,,,,,,
2006-09-01,54.734748544486,57.456453165062,63.9830756714152,60.128521862358,63.135914905569,70.2706405033953,54.3899232416549,57.0923600953287,63.582120307108,88.1809154772688,92.595466260904,103.092899127781,47.9307738731786,50.2858662887219,56.011971426005,,,,,,
2006-10-01,55.1368698011851,57.97061388243,64.1959257044333,63.1611006882336,66.425639893621,73.5201606365124,54.3032961192662,57.0920777161174,63.2275167241896,94.0770539121493,98.9438795525116,109.54718736428,47.5404744835882,49.9557074600815,55.3341576079235,,,,,,
2006-11-01,54.482315881954,58.1388780019163,64.9878345196633,63.9632474045292,68.2750230923921,76.2778440632136,53.3673853436414,56.9470034724488,63.6600545988782,92.3581530579802,98.5883866381753,110.180289592251,46.7143172901443,49.8215118180245,55.7045851536312,,,,,,
2006-12-01,54.3489391436818,58.2444990148462,66.0095451396844,62.8431766941059,67.3662290592766,76.3071437560562,53.4175527614169,57.2442269558708,64.8805064669571,92.7269218730907,99.405203749129,112.635081095753,45.8031092348352,49.0585391883206,55.6128383224407,,,,,,
2007-01-01,53.2840100199364,57.442733110676,64.5437777765007,63.0188290258987,67.9561533673037,76.3166341092052,52.1068214168376,56.1715800145987,63.1199485791558,89.726244445283,96.760280400848,108.699897449228,45.609559563588,49.1416666773537,55.2303493632256,,,,,,
2007-02-01,54.6686270047454,58.765343332145,66.0726896754911,63.0995980812375,67.8468936876216,76.2433221065501,53.7530118217532,57.7789677516818,64.968254339084,92.3269059089206,99.2774986567018,111.600018118544,46.1915263132423,49.6250815363907,55.8098126359279,,,,,,
2007-03-01,54.9868710875675,59.3988205665921,67.2751166263388,62.6058915478875,67.6478943540534,76.5776535611182,54.2275132575057,58.5763582417021,66.3482871725928,96.5396257452284,104.319106459992,118.128102078597,45.7514595071361,49.3946117526939,55.9583417789906,,,,,,
2007-04-01,54.5052515877827,60.8743336460259,69.4965914104813,59.2990812265842,66.2466773504271,75.5900302221586,54.2702178932599,60.6095837596455,69.1992354166177,100.850579494099,112.671403315564,128.604367473796,43.7777985484227,48.8658659697879,55.8011958433724,,,,,,
2007-05-01,54.8626958503389,61.3040943875304,69.9435458111164,59.7698885656817,66.8059351712287,76.1805924700624,54.6107460955021,61.0202962065805,69.6246757999033,103.030833989897,115.164595363156,131.36808837487,43.6363076116245,48.7322138094874,55.6138457063246,,,,,,
2007-06-01,53.0164021964742,60.7407327326911,68.9903338481661,60.5797639827108,69.4252761638504,78.8128386470872,52.2434626741089,59.8529544693923,67.9867879481157,92.3336871053658,105.820396980936,120.168415996885,43.317216057074,49.6005076027425,56.351173369355,,,,,,
2007-07-01,52.0040514814452,60.6904199447845,69.6994184465609,61.8454011241272,72.1955847495718,82.868749312828,50.7912632833116,59.2728544400442,68.0762406220884,87.3000347062306,101.914695948209,117.019585447005,41.6320924303187,48.5586955348243,55.7807881136364,,,,,,
2007-08-01,53.6241675729374,59.7974298169795,68.7164801298614,66.6736790493763,74.3698043534632,85.4173632084676,51.829066308996,57.793527627656,66.4183835979314,82.9030718792395,92.4766334388173,106.24857867533,43.907653840281,48.934820007136,56.2477306954777,,,,,,
2007-09-01,54.9481565613915,61.9100855957807,71.7455742923808,72.8477841687599,82.1003272752159,95.0932595852105,52.2589897619658,58.8780139288516,68.2366306334635,81.3042459650726,91.6349057785421,106.171359801546,43.93160780404,49.4699173331845,57.3434105076172,,,,,,
2007-10-01,53.5474982494677,63.443361692726,74.2661790796763,71.0082211679478,84.1542201100806,98.4582080197831,50.9236206357912,60.3323359078104,70.6294369759721,80.3748437365048,95.2591225961947,111.486992686106,41.332267953487,48.9431646501953,57.3067215093184,,,,,,
2007-11-01,54.4192383012128,63.4383259822409,75.5641370722003,69.6120881259377,81.1716139973944,96.6360853036109,52.231596606074,60.8858567479632,72.5289090259503,75.4176174971136,87.9450697834094,104.7341327689,42.7586603294071,49.8171817156851,59.3542457217619,,,,,,
2007-12-01,56.0112191918343,63.7770322787323,75.4796892228662,75.4744795270469,85.9626255926901,101.682590727375,53.0415716996965,60.3934068601315,71.4802457057829,70.6230247159626,80.4405494185579,95.1817214872108,44.6912721765418,50.8589988825333,60.2063399857163,,,,,,
2008-01-01,56.8987486210843,65.1519569553806,77.5041217637116,76.5810646413771,87.7134946448872,104.288130646855,53.8988136131511,61.7145860685751,73.4202510642847,72.6130176659896,83.1722919604002,98.9210537468582,45.7611909576868,52.3694337464027,62.3137424633108,,,,,,
2008-02-01,57.9093789819734,68.5686442788342,81.6656456478949,78.8820727270729,93.4276087893377,111.214190437021,54.67960505698,64.7419668100712,77.1135037662099,76.9374491055483,91.1284266017908,108.512667421561,45.4747190144118,53.814893954546,64.1098777311044,,,,,,
2008-03-01,60.4908474946859,70.5082620977003,86.4493391167798,79.1988405023689,92.339906215791,113.157209900999,57.7175618090115,67.2732148640723,82.4887191446305,80.4441555010389,93.7959900022322,114.979037606305,48.9837374689716,57.0634557961407,69.9823237763371,,,,,,
2008-04-01,64.8258603197513,75.7284089230174,93.2038437478879,72.776668401115,85.0399464778731,104.60901268576,64.1242089657528,74.9059693249909,92.1981336317424,78.4313383133725,91.6515053583849,112.778762186323,62.2974722272951,72.733883677794,89.5406806066759,,,,,,
2008-05-01,67.0754657490651,80.6075052006866,98.3573669727403,68.1399310971131,81.9093986894067,99.8932828996165,67.6935885191055,81.3473078489907,99.267094248889,72.0052826208568,86.5596668181084,105.59897932315,71.3756199041702,85.7269722834314,104.63031248538,,,,,,
2008-06-01,70.9864634642968,85.896717490951,104.322568864367,70.8914567575224,85.8055131641503,104.156896749637,71.8698705443642,86.9624475958203,105.624379347847,68.7328140738806,83.1964100072329,101.022711655885,81.0981700851393,98.0771622856857,119.145657785602,,,,,,
2008-07-01,73.9644211793194,89.697092297613,109.990062667435,70.6863152109595,85.7454550490865,105.089016671004,75.4815047616103,91.5334677256164,112.249834917349,67.636399052911,82.0494007230538,100.591950267114,87.5590194420675,106.123655350357,130.165505070012,,,,,,
2008-08-01,79.4881202964729,90.9634558750281,108.490315386604,75.0087665049152,85.8612116633546,102.351018117781,81.2438303933784,92.9691756176619,110.890338825536,67.3344363253618,77.0799434233655,91.9132531093636,97.7356467603289,111.782424544804,133.354037101122,,,,,,
2008-09-01,85.6545379557001,92.8353534784923,108.571184065561,74.0492153246714,80.2793308877035,93.837419663922,88.434690420809,95.8450179429487,112.098920995005,67.2135342450796,72.8717475620767,85.206572079228,109.412552557029,118.518454093809,138.642308018673,,,,,,
2008-10-01,95.5796886444412,89.7280796454518,102.313002166962,73.8267196720316,69.3260726938295,79.0078397864546,99.8355051703936,93.7198632030386,106.872215284409,62.2438898159266,58.45193876662,66.6367958087004,128.129057646325,120.217087761784,137.112573069446,,,,,,
2008-11-01,93.4454541364619,84.9408108529515,94.6541318648279,70.3614507346246,63.9754388102338,71.2537263770387,97.8443068006831,88.9360114905095,99.1132080391357,55.7799575557649,50.7196019712394,56.5082348019766,129.162431386255,117.341124152652,130.792259151067,,,,,,
2008-12-01,85.7322025026548,77.6561764593493,88.6673759375931,68.8092158725941,62.3446075957384,71.1472113545996,89.2103148694917,80.8036463328825,92.2676632790633,45.0384214919704,40.8088744871297,46.5859761212475,119.843557095359,108.493200935946,123.907900331363,,,,,,
2009-01-01,82.0578963943905,75.4594867469829,85.9179460077356,69.7735547679884,64.1807195549712,73.0374757425735,84.8741436582918,78.0463752305148,88.8696535552146,45.2250777749096,41.6018097623348,47.3581788197435,113.43102975864,104.251221359161,118.729821103722,65.5776927659461,60.2446358245189,68.5857976055212,76.3998024046932,70.115886516581,79.8338307238563
2009-02-01,82.795210111276,74.2886658237873,83.0186780249407,69.70900281387,62.5642843222374,69.8796739311663,85.72737353134,76.9167151910708,85.9616403191742,45.2499409523223,40.6139094996638,45.3775225889868,114.536154362879,102.710715070544,114.8094483307,67.8775285245591,60.8909358294733,68.043197068569,80.9725829817556,72.5768014535159,81.119219467432
2009-03-01,76.3104520963553,70.3396653084139,78.3188501613735,69.1292631639365,63.7380046393676,70.930921632275,78.3734838217521,72.2385945331739,80.4388778612018,46.4706677003079,42.8484007615403,47.6994479493659,101.436390048807,93.4471079944908,104.073579815979,59.3013817515774,54.61143915847,60.8028572028097,63.8581283946874,58.7372508181845,65.395896593608
2009-04-01,65.7273431488486,64.550447706995,72.3786670553496,66.3454699998347,65.1755524360831,73.0410784818038,66.6127579982932,65.4175780432429,73.3561438733188,48.4186915637741,47.5669893155686,53.3248590817576,82.4911519187543,80.9685494337764,90.8105494769575,54.5845612492462,53.5470845981114,60.0336521070708,58.3199168718149,57.1615860512193,64.0965764729521
2009-05-01,58.1538160161137,60.043416368357,68.5010689576775,66.9001516224076,69.0930784962162,78.7839282493088,57.8627673765734,59.7406910398486,68.1605217498377,46.9188661816854,48.4589633284866,55.273733867357,67.2055442121784,69.3502591603146,79.138654976745,51.6081499347676,53.2699127515962,60.7708570014938,53.7555711590279,55.4322809112809,63.2410159700511
2009-06-01,57.6148101116062,61.525224333827,71.4178644705896,64.1033220957034,68.473081465625,79.4409923782148,57.6116977764839,61.5196150617581,71.4164032026789,48.7094033795744,52.0320952872277,60.3861997188341,64.3572441790672,68.6866474765153,79.7507169490411,52.7683918460501,56.3395631404506,65.3887120330225,54.9466437411283,58.6140161471806,68.0366737004921
2009-07-01,56.5819933425828,60.2631584736053,70.2771890612788,63.0882714906116,67.2113378081782,78.338665029475,56.5613670755661,60.2389521674772,70.2539280717495,50.7512406045826,54.0704200373349,63.0427233812076,62.990121819925,67.0504820089577,78.2119329518805,56.5473604477228,60.2290602127401,70.2356988724397,64.0623805554953,68.1853440478911,79.5296192148415
2009-08-01,56.1842701488174,61.7857717786466,72.4040149299476,61.3973939608247,67.5373373486427,79.1023238186742,56.3272488360481,61.9407039199536,72.5907060131019,56.8949512593763,62.5873978729988,73.3286685255527,60.6278346952196,66.6348768553261,78.1059997067925,59.8670817973956,65.8273463499062,77.1300707451707,70.1002632253246,77.0130386634301,90.2490915467753
2009-09-01,55.9703357349793,62.8423353646615,74.458248024107,59.8028066805132,67.1639509126998,79.5367547271392,56.2910873541101,63.2001205137648,74.8874623117052,54.7115354838114,61.4487059138708,72.7923882860119,60.9089852830625,68.3489076051625,81.0029242834612,56.3389788734741,63.2473275535128,74.9338748752085,62.9853156616973,70.652457030561,83.7242309194725
2009-10-01,53.9745680373505,63.3376396420322,75.6468041547709,58.5175129603405,68.6876762401405,81.9933571428268,54.1728758085973,63.5679864392107,75.9272859002376,53.4865805687144,62.7851544983788,74.9718811133173,56.962509172764,66.8063309029475,79.8095667702208,55.5461282482893,65.1648786822362,77.822504692205,61.8437037611067,72.4826522537412,86.5733526543458
2009-11-01,55.1502393149943,65.2514173047812,78.4078228332307,59.6753209611549,70.6248561256117,84.819978068561,55.3681741857667,65.5068347353399,78.7203055342444,54.8461570464763,64.9124774285751,77.9848714134579,57.0688401055559,67.4834695684819,81.1101998323367,57.8052035190977,68.3806010798032,82.1630140597249,64.3916666675641,76.1073239770916,91.4627909965993
2009-12-01,56.7947926187556,66.4377960473765,79.0391574374755,62.0521542022573,72.607891743497,86.3340363294761,56.9409511962323,66.6062957272872,79.245220218734,60.1604288650611,70.3974707921561,83.7330424061311,57.8851653248401,67.6752371566941,80.5314453845692,62.7531029916849,73.3858672396209,87.2782137662062,72.5139913214064,84.7196374962343,100.748988017163
2010-01-01,57.8915346277129,69.4685938918108,81.7107337465695,62.5506351728312,75.0802024304847,88.2647247017707,58.1322141498355,69.7548124635625,82.0531933942241,61.1721986899941,73.4288912166882,86.351582812614,59.4907704140058,71.3475145398836,83.9417604749755,68.2936341281088,81.9465641347603,96.3793048044996,83.8138964557952,100.488694529865,118.205932919574
2010-02-01,60.3528083355712,71.4660263628592,82.6431789053721,64.0499418970843,75.8649466030111,87.6838619311352,60.7557314419653,71.9404698677569,83.1977074706878,58.370516932436,69.1409153708697,79.9383599966001,64.7212876265087,76.5958270842708,88.5974274304539,71.0371271578011,84.119295281802,97.2539033349723,89.4010404348148,105.781966942026,122.314221583024
2010-03-01,60.0882684272907,73.7385358734941,84.6682360856712,61.3640745848121,75.3250233274881,86.4443097649887,60.8045886795651,74.6148105464146,85.6804528062961,61.1197705874883,75.0284492682776,86.1320338586963,65.168769958172,79.9282223900363,91.798329653823,72.5087140909834,88.9775298835741,102.143463720599,93.6340523235858,114.815288179084,131.815339091936
2010-04-01,68.0588064085096,85.3245402438247,97.3256100465833,60.949806581476,76.433232118088,87.1377891366001,69.9910516257538,87.7437137492212,100.092122821899,63.2849263963869,79.3650586624336,90.5097258774779,81.5541372310102,102.186008512331,116.587834531728,79.9337830711273,100.206990136817,114.287045671655,108.215772532482,135.551515177946,154.62141245663
2010-05-01,73.5433038301251,88.96468355229,99.018136566247,62.0179614440976,75.0433569979707,83.4796267208999,76.1348999077474,92.0962926412869,102.51088174122,58.7282724421232,71.065883855388,79.0807906469345,91.9677347219922,111.190018124801,123.78600141299,81.0193831618723,98.0026189810213,109.101026544904,108.549127225826,131.25455051538,146.159513426309
2010-06-01,76.0001133273817,90.7494898049415,100.097090760629,61.1904340998727,73.0859255283764,80.5716297458382,79.0582068887206,94.3975617277597,104.128293318686,55.7156022809589,66.5497173901816,73.3898852921347,96.7060842110255,115.408968634936,127.328448059453,78.3194008504816,93.4809684780528,103.098855016598,101.879804008932,121.491035779383,134.008885629967
2010-07-01,76.8414764453115,91.9710206353362,103.783855767651,63.1560807989318,75.6120027504732,85.2787195968836,79.7646165993898,95.4661595013908,107.735531282651,56.4278158348017,67.5597414953308,76.2218534090359,99.5211562665962,119.049212695867,134.373597924722,72.8963368038268,87.2145656177133,98.4076957331783,90.5745722960672,108.259696545651,122.166664499572
2010-08-01,77.4925551687168,94.4892017122846,107.807176365665,68.9544380604488,84.1016830303004,95.9050138798045,79.7486123618456,97.2364731605058,110.949512973303,59.1434051925223,72.1386412437772,82.2898327516554,98.7983440034054,120.400328916697,137.404763030887,75.6752835137144,92.2616098123916,105.255087968865,94.3681752179109,114.954535804778,131.163760428114
2010-09-01,74.9632942665551,94.6118625138636,108.365977711809,71.9150037954524,90.7897250677558,103.933414850634,76.4607119496413,96.4981818412003,110.534335013889,59.4836310867631,75.0989446277862,85.9991038554088,96.1655938154097,121.30325526833,138.972362334548,72.1683184879025,91.053451528696,104.282466312485,89.6758215207041,113.035421522611,129.472501058554
2010-10-01,71.3918858146108,91.729053183358,108.141039850463,71.5680748320195,91.9809003575013,108.380817125474,72.4131965039365,93.0378445029826,109.69175401244,61.1756555265372,78.6277996323318,92.6771101079038,87.792330077733,112.738030058844,132.942149054311,72.3432925939536,92.9419201906197,109.563832948186,89.2777513052877,114.603904020577,135.124242276295
2010-11-01,71.9847731902796,93.8040780368743,110.106221775391,74.2145155062739,96.7364620609888,113.488400491912,72.7448188822072,94.7909793205029,111.272504108544,60.412854502996,78.749874261313,92.4171859354292,86.8061823949101,113.054419681731,132.735261197198,76.3560442050149,99.483116010569,116.747701350046,95.5687095117777,124.402503405924,145.992637503177
2010-12-01,74.3713086455138,98.8389247460178,113.992570305946,79.2236196808546,105.316770823345,121.399585173758,74.8215336809192,99.4335761707087,114.686501238254,62.7955162850828,83.4815795736742,96.2613442623288,88.864521329455,118.033912743927,136.164520391717,81.1197928638992,107.803756814265,124.315641057789,102.654879433493,136.316605631455,157.2203557006
2011-01-01,77.2805528522023,102.293832647017,118.783356734798,84.3550138191708,111.688998291077,129.624672861131,77.4812394508318,102.555664824445,119.095817014233,65.1966047996635,86.3264027229494,100.221873620925,92.9478082239469,122.96292712184,142.819977045743,89.370538146079,118.24742011581,137.310032318056,118.094425690156,156.10401179374,181.305609488038
2011-02-01,79.9123225657741,106.090197157451,124.524452749178,89.0622341945193,118.270206071369,138.747725665628,79.8786948246369,106.041613692187,124.476229238091,66.6146043906051,88.4647776249069,103.815573076699,96.5519890373067,128.108674490094,150.406479358468,90.8281667291197,120.568759367496,141.502256404831,119.187049692582,158.079954604278,185.555716041364
2011-03-01,81.1345341240864,106.670327710656,126.611028378462,86.5036343574759,113.760764362837,134.955796444559,81.6157740548053,107.299043607943,127.366281135567,65.5098018522337,86.1556180224412,102.240800061146,99.1468782540733,130.278496065002,154.671132714902,87.3756462297303,114.861242588504,136.314077770217,111.818435650053,146.871811482931,174.328038590225
2011-04-01,82.3818203414785,112.321026263518,134.712343162053,83.5915564969896,114.001969804298,136.656350029035,83.4280554321193,113.743258158586,136.427745439036,63.88694249687,87.1327090100946,104.481710580598,101.606195431306,138.454054446244,166.096556200806,86.6247755286992,118.074734835634,141.597663790341,110.013419523167,149.826502891894,179.704243858372
2011-05-01,83.8029361484657,115.22897705241,138.379095674397,79.984119065436,110.008565607312,132.040274276913,85.5309642136241,117.600645071618,141.237231513961,59.9219981240777,82.4191614996191,98.9577252892842,107.931506213357,148.322322967494,178.165627970284,82.962355988774,114.059471266427,136.971975348619,105.54540036343,144.982846887018,174.141984303004
2011-06-01,84.7844517237823,115.561126628076,138.882775324556,77.7055369129523,105.941905831216,127.255199109615,86.9553783890899,118.515694269283,142.443683173543,60.353753494833,82.2885234567233,98.8754832602804,107.668425577731,146.669470114446,176.313255693771,83.4293458527831,113.699599713052,136.634511113293,104.170289485256,141.844927916813,170.481586682884
2011-07-01,83.5541501690878,115.953153432005,138.967554385333,72.8781543093054,101.165438348285,121.180894065196,86.1799126831746,119.592639723391,143.339542183737,61.3442196064305,85.1584243795276,102.040175811717,105.089000461523,145.756391673929,174.729840973678,83.0269178160248,115.207187504341,138.058073751614,103.54903425819,143.562072010319,172.063798862131
2011-08-01,85.403119804395,114.89345843641,138.614433989308,75.096405597123,101.055738845265,121.85553738961,87.999803298437,118.382397866353,142.833801952431,58.4724989543531,78.6887515658675,94.9158057323321,107.178625052312,144.107159297146,173.903103837998,85.1767763764478,114.549767074012,138.183801865384,106.241463431046,142.757173647475,172.235973874089
2011-09-01,85.5852002379744,114.145729760647,135.347415032825,75.4515613079237,100.658277313326,119.291891369509,88.1593366278546,117.574509608443,139.422922904218,56.6911311704684,75.6337361711709,89.66409743799,108.810997125621,145.040603239687,172.023791975389,84.9115643275563,113.209246370952,134.243198881116,106.943282804334,142.438928933282,168.922226277582
2011-10-01,82.988825762346,109.840755622615,129.702315579823,72.7164555227759,96.2713048873869,113.619326425825,85.5491085020828,113.225238696806,133.708240276347,52.5449151562532,69.5687213247819,82.1317296749681,105.21705593528,139.182889133414,164.391246179639,78.6663663003089,103.930722289749,122.669317444955,95.8164651644838,126.371661547309,149.135764715761
2011-11-01,79.1855704609535,104.952568226408,123.581694698347,71.6186233406262,94.949625023276,111.744321838486,81.3067727886563,107.760006432147,126.896427367719,52.0481340511326,69.0067571266393,81.2391601729081,95.9338342125529,127.079246873819,149.673298962421,74.9636426156348,99.3007407466038,116.910226534313,86.9049443957037,114.99129703977,135.395972993722
2011-12-01,76.5023942754577,102.945669077389,119.63247783477,69.6757992182001,93.7854090250577,108.929981119071,78.4820413010734,105.605663178864,122.732317815213,51.3768881327124,69.1576588135279,80.3515077244514,92.1808100016091,123.973648508617,144.104990984283,73.1037072293737,98.362025612334,114.299247686737,84.8801357817903,114.11170529106,132.621773074869
2012-01-01,74.2110632688039,103.224091456638,119.0284775629,69.8204450239409,97.1438457108622,111.958284708561,75.8101237495871,105.444391545005,121.597320580186,53.0352133826125,73.7931703679012,85.0743636386535,88.5099579566977,123.043976704604,141.918427757918,72.7186702755691,101.134495961792,116.606840940468,85.168367932841,118.346530545891,136.472208749164
2012-02-01,72.6006378987625,103.378124921975,120.306647877748,68.7977303120501,97.9901876737217,113.976337967181,74.094097334381,105.50078475794,122.785582831508,53.1615189360434,75.7225148302068,88.1046306024343,84.8947059920684,120.816049819805,140.635263153333,71.7695428875108,102.182481356054,118.902742610612,82.9646594236369,118.021397960964,137.357140986919
2012-03-01,74.4440679959199,104.724707996532,121.263128801059,70.8506893221887,99.6973019799199,115.380960825119,75.9313774881693,106.813022393627,123.689981920033,53.414933016531,75.1659555519601,87.0188870653703,86.5747849845807,121.721218692559,140.97903259491,73.1681811574267,102.9111401065,119.150340251434,83.7341740529088,117.670177933859,136.260709909023
2012-04-01,74.1813324548964,102.218889039248,118.526035349683,70.0005401174186,96.4846403299463,111.818050823593,75.7497947696736,104.376288958426,121.036167379089,52.5366039764193,72.4165709637924,83.9524331889799,87.6151466409877,120.662280217104,139.946728947818,73.6717127883284,101.506494406937,117.685948612275,86.3194266171879,118.833092358049,137.795836747005
2012-05-01,75.3695332819424,101.058311148947,116.345608068821,69.0629148684964,92.6278063607356,106.583621048272,77.2595538262771,103.588673206094,119.267176647877,52.4637171956462,70.3679181069012,80.9963391179753,89.0104530498851,119.281483316516,137.359787829327,73.5935251255597,98.6692196152498,113.598404615961,85.1052386065583,114.013317331389,131.289245968153
2012-06-01,73.4867675816073,99.5061999974185,113.307286594173,67.6149464162604,91.580702274156,104.227615385647,75.2896552742419,101.943647853064,116.091006998325,49.5476393350709,67.1124970828074,76.405359999601,86.3573377418191,116.86811825407,133.110517541296,72.644614543774,98.3388751135435,111.964776021726,84.3781135268756,114.128481176964,129.9640807415
2012-07-01,70.8278201266853,99.4574744049732,112.631090503449,71.9836257441552,101.108468810993,114.440442904836,71.5842243324308,100.515893833717,113.83775219689,48.2381315588657,67.7584499351585,76.7179615677322,80.9763347127713,113.644252254398,128.729167434392,69.3834751238323,97.3926016862028,110.284213294359,78.1537127006857,109.587668297046,124.118492805188
2012-08-01,67.7808133221916,96.4873677852481,109.629303518488,70.3398019186923,100.157871984715,113.739789196078,68.3088835936353,97.2354738849622,110.4871170758,46.8535298384801,66.718370698639,75.7904277965758,75.7265341153179,107.737668444335,122.442557297283,62.8092800132019,89.4223614094605,101.580175102029,65.9663032647615,93.8651294665432,106.633989518677
2012-09-01,64.5358413563572,89.8246384389427,103.660780380687,70.6971141436819,98.4274995192921,113.528939925221,64.5366774198105,89.8224648588396,103.665602282289,52.0255033130433,72.4352937363021,83.5760712648971,68.85886284815,95.7877908275542,110.570118751168,60.6544067278972,84.4153112391532,97.4176807465219,61.2897444553395,85.2292078649711,98.3799797245056
2012-10-01,63.3834407701105,87.13044777959,100.861651868905,71.4230824120941,98.2093843482241,113.6266632221,63.1163066796215,86.7600067342681,100.439933871507,51.210080744815,70.4188663359643,81.500052774676,67.0792634493055,92.1591009580408,106.709474864959,62.4577492498629,85.8481610722854,99.3649781553308,65.3369070436378,89.7335238627256,103.878197870613
2012-11-01,63.3356986232773,88.6379996268906,101.867866226723,70.3128605827219,98.4297569219752,113.061517354133,63.2111293903138,88.4603789425713,101.67092360611,49.5251433236324,69.3324513816807,79.6648144464573,67.3556750489896,94.2109500587284,108.299703838531,63.3585490374004,88.6621321350369,101.882579523786,67.4826520519618,94.3541013417389,108.439968661229
2012-12-01,63.6825404814802,89.0258226243981,102.93889662779,70.2421011993886,98.223040607397,113.513632539974,63.6187139950615,88.9332913464673,102.83917629051,51.877231995,72.5457281666758,83.8664167587425,68.0525218453307,95.0814175719763,109.968369077948,66.0339586603653,92.2959597606431,106.709947397544,72.7649140300124,101.611657508293,117.502652156392
2013-01-01,67.0811310908234,94.293793522198,108.77484815746,69.8837643575032,98.2605716806693,113.291101213779,67.5673569175773,94.97373691446,109.566960608695,51.5967592833928,72.5511983330298,83.676344235679,74.2044438232691,104.248173586195,120.288041858663,70.1408878187925,98.5841310081449,113.708635817547,80.287093299426,112.751612594878,130.06846851842
2013-02-01,69.454836635583,96.4198339871073,110.730765237349,70.7394928683574,98.2304405720923,112.750674314118,70.1761948852223,97.4176313709571,111.884570268095,53.0026187419016,73.6038694997358,84.5114004883747,78.1551852729388,108.436999398477,124.562706508682,72.70875130913,100.925861822138,115.896182138059,84.6094338231188,117.347096939167,134.772621220606
2013-03-01,68.0330562085308,96.160141061545,108.660841093812,70.5468089723059,99.7407775686602,112.647576925011,68.5704709842713,96.9161398187539,109.522863220819,49.4191956980833,69.8731331156773,78.9406900372784,76.7874888782467,108.472933590597,122.604942745556,68.5861954582842,96.9051354050982,109.493978983838,77.9074915397474,109.966817596958,124.276313971777
2013-04-01,66.9905384956798,95.1134285398658,107.464284228392,69.1877168103309,98.2601973044048,110.961183308171,67.5571886984408,95.9143971137889,108.37692517751,47.0926676716567,66.8838238728394,75.5537697424464,76.6582035829265,108.77843721604,122.934492100514,66.1145561368799,93.8637117331021,106.038270579742,74.9537061269057,106.323576195974,120.134643802201
2013-05-01,68.0415072273581,92.5257913516461,104.267951546092,71.1745792403529,96.8130842262981,109.0418530551,68.4955714096819,93.139786999725,104.967289803529,48.8142309397962,66.401022652246,74.8127349255334,77.1467755289435,104.848560181278,118.184120289251,65.8252190883522,89.4968555436367,100.852426607618,72.7905413415244,98.9083886049236,111.481379583138
2013-06-01,68.2225367944798,87.4745068738064,99.4590856775088,73.4846293884909,94.247624241249,107.103707643533,68.3920256726551,87.6885664678395,99.7095233853727,50.4995591660888,64.7710085311053,73.6302625665717,75.2668652250285,96.4524528622664,109.694501486433,65.7664741828889,84.3060768747524,95.8457701701085,70.4785188796215,90.2654274736302,102.637070877186
2013-07-01,69.8897369239984,87.6822083683275,99.0411696326812,73.4152150977496,92.1307091216009,104.011133462441,70.3147230138952,88.2121096361484,99.6467640985919,50.9421573989634,63.9314921397099,72.1991113468462,76.8033764809066,96.301753779395,108.804560745097,69.8640291341043,87.6366063413914,98.9836900036758,76.6623328976088,96.0832281830593,108.544487686182
2013-08-01,71.0023769953643,86.8794383947325,99.1351032347881,73.3447773574914,89.7704859150963,102.380010178533,71.5895077341704,87.5946047695346,99.9582228300904,53.6158937477915,65.6261762174223,74.868699417588,79.759818210849,97.5402987798209,111.327680965796,72.656363787684,88.8914724907246,101.421756102862,82.7570715590608,101.166888214393,115.44737079903
2013-09-01,70.0268224385619,87.7783558629768,100.372526504176,72.1599298822584,90.4772493878589,103.404142437393,70.6280931553446,88.5287572277679,101.237751780603,51.0743371898532,64.042045528065,73.2158888679403,78.8290050515716,98.7563150229412,112.953817418179,70.4893377775391,88.3294545339787,100.985787018017,79.5760732911615,99.6281500069202,113.918545262229
2013-10-01,68.1109514898229,86.5648442691914,100.106035818979,72.6357499648421,92.3411532980228,106.729663503339,68.3885695650153,86.9144506089841,100.517438164318,50.7256598304428,64.4899059374419,74.5629677366138,76.1097026135076,96.6763931429047,111.827283055279,68.2364040289105,86.7135835625156,100.26643293778,76.2403298880183,96.8045573264472,111.952259758799
2013-11-01,68.8865560203073,86.339593658501,99.3092723832163,72.5470835962717,90.9527324035938,104.560267186389,69.2821636112068,86.8322058823485,99.8829461743723,50.4215881469307,63.2166506180295,72.6982592406832,77.7143205088784,97.3492009421356,112.000719673293,70.4609014913748,88.2889196282019,101.539089229382,80.5557836248483,100.853638930558,116.007985097732
2013-12-01,72.3007222359308,86.8132696363006,100.340574073771,74.1834291601533,89.0985522289928,102.927695546355,72.9615990590085,87.6035460030055,101.261152125416,53.1410997188524,63.8283251927382,73.7592763702466,81.2875212305075,97.5490776678097,112.777446793262,72.2965322076049,86.8037059496657,100.316466332766,81.1596950275478,97.3711599831589,112.5467082185
2014-01-01,72.4068153344418,85.9193811655328,99.1376848932711,72.9697306522389,86.6113288343755,99.8834347890445,73.2344918855932,86.898290166831,100.274285052175,54.1251102650828,64.2465663607395,74.1157119191305,81.6704119122281,96.8572756690044,111.786280121038,71.2968193677902,84.5925952441817,97.5948145850522,79.4562507442163,94.1998149162381,108.696127583557
2014-02-01,70.9286959233152,84.9452974037086,98.2534951450306,74.1837782367029,88.8682400027713,102.736881884685,71.4004749342208,85.5071302762319,98.9103432104202,52.6274449457309,63.0476764030363,72.9105682125013,78.5496433166703,94.0193821235663,108.776400253976,69.1139678855463,82.7617436693395,95.7163663065018,75.0335828899562,89.773831009053,103.840556769168
2014-03-01,67.4578965304374,81.3000589468941,94.5420379500786,77.9439506410867,93.9638374097929,109.210897985089,66.9799541934402,80.7210451380946,93.8753536273818,50.8741069659165,61.3330127259693,71.308471521596,71.9834014569819,86.7054186622991,100.853032536963,65.0573487011085,78.3866794377329,91.1417253610089,67.393448868921,81.1309501352928,94.3464373012097
2014-04-01,64.4989703815366,79.8199659665137,92.8497652895783,76.3136050569954,94.4671886944035,109.830104603042,63.8177348687299,78.9739765226521,91.8721730203286,51.2850430708075,63.4876007026517,73.8364685172637,67.8778474589751,83.9542385966257,97.6833447751817,64.0083141100392,79.2062601730002,92.1247820112816,66.9035008137554,82.7212813083591,96.2279479124081
2014-05-01,62.3282564795161,77.0969250331925,89.6444192860118,77.8378140094493,96.3081351902845,111.92324913938,61.1567996159227,75.6450811733431,87.9625083176178,51.7303887856066,64.0084417270471,74.4108363944495,63.563353108582,78.5804817229088,91.3922797731019,61.5248945143545,76.0938708581743,88.4711218859025,62.0255432341436,76.6477433070199,89.1319954219084
2014-06-01,59.7541413727002,74.685119050614,86.4717917557809,75.8683801143694,94.8521421335597,109.763679715622,58.4749321308165,73.0835539481398,84.6234542978429,52.221643367949,65.2914082189844,75.5803930697456,59.0426454915702,73.7543576839107,85.415500131384,59.0782189648925,73.8318529677439,85.4740549632393,57.7689942190653,72.1335446369058,83.521294300404
2014-07-01,58.7813390619911,73.6060651233904,85.2955031185064,74.1622257575491,92.8917503536238,107.587251816731,57.5820136897113,72.1015895562428,83.5580090478058,54.7809401243481,68.6187877292463,79.5002153534906,57.9521485015988,72.5269605006009,84.0660484019559,59.0832510470258,73.9754741054075,85.7142179772238,58.4892810387813,73.1694480455077,84.7939139443693
2014-08-01,58.157950531619,72.8631879035832,83.5955369150824,73.4518178447146,92.0495962584922,105.552359298437,56.962668724155,71.3630276804234,81.8802011206702,55.9730845849232,70.1483967119164,80.4647011375195,57.0541638374469,71.4401288336862,81.9833715625492,58.2628437890778,72.98234603478,83.7258723392076,57.2301114016579,71.6253856487121,82.1850438112466
2014-09-01,58.1558959617278,72.1533340201266,81.4116511936063,73.6378839949573,91.3869572526157,103.058902078226,56.939148175633,70.6411047996006,79.7110175132746,56.1484357051561,69.6850711263299,78.6108763053197,55.5887814175932,68.929577376976,77.793694682257,57.3250701350106,71.1052162882534,80.2265099955016,54.0511600931647,66.9911453121621,75.5986077653243
2014-10-01,57.7022479553359,70.1068809463648,78.3128628959166,76.53921217754,93.019106904454,103.852212812817,56.0987409826392,68.156125228839,76.1391558828098,56.4663662019163,68.6273433632583,76.6447430288347,54.3902640875628,66.0457520820686,73.7948352787115,57.6376657262415,70.0197551522778,78.2060430521646,54.2903534581842,65.8969380284609,73.6129608154507
2014-11-01,57.3928299543798,69.5658904255849,76.7038586606279,77.846754101744,94.3842398021792,104.013923845691,55.6020652118197,67.3927992848385,74.3130472471189,58.4342187831956,70.8509021759712,78.10502551987,53.5727643653096,64.899085127356,71.5761049360719,56.4147520784683,68.3715370428195,75.3793916322898,51.7886448667859,62.7131012857199,69.1531632052768
2014-12-01,57.672609747463,67.0903496440629,73.4490051862926,81.6212456171928,94.9760129043885,103.922821860491,55.4860697774244,64.5443570975314,70.6667067411146,58.0732014102195,67.5780495507163,73.9680629822196,55.0328755304365,63.9835697173208,70.0652944704759,57.0641497315206,66.3705837818158,72.6528773525167,53.9131509103837,62.6503756952953,68.5901474974267
2015-01-01,58.5028079890943,68.2528095723845,73.1365876170404,79.6086419825046,92.901837069569,99.496910578716,56.6481869803655,66.0866444674453,70.8204319875298,55.5500607544917,64.8287717990273,69.4535875859817,55.0530865734046,64.1920586888265,68.8024790177808,58.1553080994992,67.8332527945089,72.687174585742,54.4231461104856,63.4283316634622,67.9830479747977
2015-02-01,57.9483191021323,65.7032179577377,69.7423953193615,79.9590806298648,90.6846652507845,96.2088906513382,55.9853047997818,63.4751460970089,67.382114948867,57.0552776941923,64.7114386167539,68.6758437256174,55.3917081624881,62.7691669733341,66.6446369323372,57.450515582273,65.130184884321,69.1258628061139,54.4724741136625,61.7032318466165,65.4992339002434
2015-03-01,55.304861256085,63.4142273761098,66.0553577296236,77.5027489099215,88.8916094568789,92.5450612219742,53.2955923594007,61.1080684541333,63.6576512053494,57.347032613151,65.7769576811899,68.5027263215996,52.9467802444338,60.6762543201279,63.2191611639383,53.9986880047792,61.9026087004367,64.4819472223133,50.5319683332772,57.8752608962019,60.300022792845
2015-04-01,52.2539585677092,60.0610142803897,62.3687427854148,78.6104447514225,90.3803426489456,93.8035868697434,49.7418281294437,57.1714322991224,59.372332467596,59.3155681472778,68.19956331168,70.8057702750906,48.4520515189641,55.6597748429431,57.8128521522593,50.8419535730043,58.4364556038799,60.6779913615173,45.8641812286256,52.6794901035904,54.7106888543811
2015-05-01,51.6657107376393,59.7304732841764,63.0750414162701,77.1477382022433,89.2148214233487,94.1607118398509,49.247726784988,56.9329386816468,60.1251122254481,59.0611993469614,68.302286659274,72.1123356317903,49.0179756827968,56.637585294889,59.8239300858964,51.0434576576886,59.00135576834,62.2983302824909,47.8766307278838,55.292753627858,58.3903045039316
2015-06-01,53.2311595548374,60.1847427822361,63.5088518664971,77.9514803670949,88.1586871241245,92.9788351126881,50.9147719620001,57.5636268981344,60.7472626412986,56.0857814715894,63.4326260789065,66.9226722619571,50.7445332915482,57.3410384801024,60.5232205244213,52.9797653285365,59.8950760491955,63.1948139994685,50.2850760020291,56.8010623560355,59.9403447143767
2015-07-01,52.6197713196836,57.5032845455263,60.3466480088716,79.5138590887676,86.9174131040973,91.167160025646,50.0498006042269,54.6927690342139,57.4012199003913,55.6442395378503,60.8279724929905,63.8229054642605,48.6205345595938,53.103021712746,55.7427457265577,51.1731911862218,55.9185253722931,58.6790318792666,45.7188077477657,49.9171131451679,52.3906070716973
2015-08-01,52.7971060823349,56.486318903663,59.5038697497237,78.5149613238152,84.0244814019764,88.4665134427476,50.3592451323347,53.8761100145949,56.7582345397058,53.2466103708206,56.9855251583673,60.0176825276392,49.6276238815959,53.0655227037954,55.9143146287289,52.2547027610048,55.8918427822715,58.8696145605614,48.514901797025,51.8511874983452,54.6214476272587
2015-09-01,54.4756510010801,56.1904594134417,59.3666994869404,78.984076503534,81.4929357343292,86.0540707695691,52.1855259838753,53.8262449791289,56.8728662354333,55.5726534020535,57.3404003800091,60.5694699659092,51.188641225235,52.7703002170676,55.7671576071469,54.1495852627829,55.8444384160752,58.9940459129477,50.5080232411808,52.0450466285697,54.9891075170972
2015-10-01,52.3721864319902,55.1353029148389,58.2747418509691,77.7637051345567,81.889132276214,86.5063517352154,49.9672081797095,52.6014854965101,55.6005788377019,53.619883601504,56.4669538936234,59.6702261719878,48.7129673342958,51.254199428257,54.1861968547697,51.2676789686227,53.9633619829218,57.0317993954821,46.489111488893,48.8925126323566,51.6821538000317
2015-11-01,49.7992343256633,52.9844682803638,55.0487413134768,77.3048420181127,82.2721556380735,85.4324426270006,47.1388847813046,50.1520954273117,52.1097040376827,50.7187532654418,53.9801290092826,56.0719243822989,45.3215172417161,48.1932444517485,50.083376503668,48.5102686950548,51.5980261062311,53.6060073452697,42.7043624026784,45.3800196543047,47.1554141211795
2015-12-01,46.9047639830591,50.4750269029553,52.531680660711,77.6730999683487,83.6085144713034,86.9693807308472,43.8588529378211,47.195515902039,49.1220162767894,49.9804723569272,53.8021206559709,55.9830893500303,41.273883875128,44.3905730386726,46.2108663309795,45.6449879554839,49.1130917823544,51.1081217474441,38.6764617829033,41.5811998120108,43.2771342237042
2016-01-01,47.3029821238409,49.4490401257096,51.3695840094889,78.0325657565516,81.5953663259198,84.7197789119357,44.2645436983414,46.2710336258612,48.0715465727227,50.391427999627,52.6945189638352,54.7301146067054,42.2717681240271,44.1647288010449,45.8915127302558,46.7518311524302,48.8627474604299,50.7546475947549,41.0832748798354,42.9024702753745,44.5710475781971
2016-02-01,48.081315900904,50.5644462716844,52.9504099560626,76.5503044335935,80.5259945678955,84.28131494636,45.3002575886237,47.6379919509715,49.8893939660665,51.92810507797,54.6274363046437,57.1936246337461,43.9278651133167,46.1705254502557,48.3612492633519,48.0422254889303,50.5213645635678,52.8992170701885,43.7785756016268,46.0043479394089,48.1764074555108
2016-03-01,48.4520664167992,53.4754878056756,56.0188775944287,75.4974326821081,83.3479455250189,87.2661229069783,45.8321451289058,50.5820585594336,52.9915787639869,51.2401437073101,56.5707874290991,59.2494880503331,45.914064764972,50.6458661514609,53.0679453939183,49.365938486472,54.4752104110304,57.0618179629865,47.68455219217,52.5794531395499,55.0862475286357
2016-04-01,48.5992539276227,54.3924054027857,57.5662366572564,73.7952582211269,82.6147102920292,87.3892660801952,46.1859989164674,51.6895639431848,54.709551251364,50.1950702104124,56.1964863796555,59.4636367128796,47.2274668319749,52.8273862933665,55.9238832281893,49.5644062121052,55.4759548479918,58.7070004199842,49.1394036653716,54.9648995628203,58.17628418153
2016-05-01,50.2512163577821,53.5895254493836,56.8454281142862,76.5904376750717,81.7011460613078,86.6193485407639,47.7240664542268,50.8926000414269,53.9884650012844,51.7074547973231,55.1602120974686,58.4997874260418,49.0347280602909,52.262828839748,55.4519938175463,50.0987776542666,53.4328038712348,56.6795836534033,48.7529504654616,51.9713574986667,55.1443438004051
2016-06-01,49.3884095558988,53.3493122125203,56.4418879538361,78.6447120524312,84.9754699695653,89.8540003255913,46.5302609489984,50.2600754919813,53.1773332558867,51.917379849929,56.0991116585596,59.3391637775857,46.4329426473299,50.1286259823441,53.0477698792451,49.1379639626965,53.0772273320119,56.1463876200266,45.907424771666,49.5504254207075,52.4225666722932
2016-07-01,50.1050011633183,55.7499343956335,58.2597780504485,77.2719525544083,86.0013829771433,89.8257877179618,47.4847135579053,52.832476824308,55.2148817963283,53.3334858761489,59.3612022185118,62.0211597962166,48.1973030627209,53.5971665357448,56.024103890189,51.2345861009122,57.003255786949,59.5604757408331,50.2346501283836,55.8475517939808,58.3601494921113
2016-08-01,51.4520021141808,57.6562395190468,60.6130802079536,76.3058902681281,85.5307662351745,89.8697509110257,49.0880812165366,55.0052262565204,57.8302016948305,52.7176931146621,59.0935207594661,62.1115885958826,50.5034307655371,56.5614748310923,59.4770457595702,53.3991990175333,59.8278867470007,62.8893110358632,54.2489456216954,60.7260295968766,63.8442315478945
2016-09-01,52.7646637825837,58.9013289119759,61.9135769535689,75.9865742412996,84.8474995298192,89.139662272097,50.5837692496879,56.4646928889921,59.3565271086253,52.6560215778039,58.798926181016,61.7935188726973,52.4219071015533,58.4858147027054,61.4921911738165,56.8545562815645,63.4600475716371,66.6978669567921,60.5375214201191,67.5156102592756,70.9722902898669
2016-10-01,55.1962120995985,62.5582764828015,64.9534332030144,76.451183453475,86.6722313674097,89.9432233960602,53.2409446599764,60.3399738291511,62.6546291875152,53.8425665097362,61.0436772201947,63.3681099145121,57.756371446871,65.4231138063346,67.9449477855009,60.5414426589201,68.6260152366957,71.2313134580089,68.5794119780659,77.6886493323161,80.6378369467832
2016-11-01,62.8751941635513,71.2666290467586,73.1947188450583,76.0636849966716,86.2391572489138,88.5256589136547,61.8316407684525,70.0811973712226,71.9823057298691,59.3866968391199,67.3341653919487,69.1419687722261,71.3520276668285,80.8293351086136,83.0369060519244,70.0357047375114,79.3638216635598,81.4939969001231,86.1788609717352,97.5695603762189,100.194502049988
2016-12-01,67.1319780563238,75.2689909401252,76.1980949333385,75.2549881574358,84.3999533000715,85.396753391547,66.6575997691301,74.7343369667596,75.662191450547,61.8641064429565,69.3848778590763,70.227236336885,78.6473941534037,88.130614217351,89.2407967634095,71.6313416757851,80.3082052397964,81.2986966270037,88.2507896710697,98.8645153648789,100.104360768433
2017-01-01,67.221499395136,76.2206429149929,77.3389927391066,77.2020820145584,87.5616001919585,88.7995423821022,66.5481805257406,75.4543814019708,76.5669023449355,62.5156852147162,70.9076090976185,71.933547043932,77.3778539614356,87.6873412927062,88.9961929278194,67.4164026787009,76.416222430734,77.5266973349656,78.186893870621,88.5364947926095,89.8325494169329
2017-02-01,66.8391461294285,77.7394693951804,79.1818701529183,79.3532416674983,92.3199618631266,93.9833526316046,65.8915055534673,76.634437551852,78.0618550518229,63.1299395685366,73.44893217676,74.7966934423641,76.3685668119763,88.7730474149626,90.4427864712325,66.8433006465183,77.740401418153,79.1707791483858,76.7560870256292,89.1972378398069,90.8514894666647
2017-03-01,66.1426546656774,76.5319853423437,77.9035825588374,78.3310834725978,90.6600087161089,92.2361869777048,65.2258569480663,75.4683780454338,76.8263458783038,63.2759187333655,73.238468052209,74.5360600038345,75.955988803733,87.837342795316,89.4339190740276,65.6818285917738,75.9950656358072,77.342924388235,75.4212456322358,87.1943395337127,88.7502097108233
2017-04-01,63.8473701310641,72.786195045677,74.377434182371,78.1282281923373,89.0910840714692,90.9908145955953,62.6922774856095,71.4667306641777,73.0342882211283,62.9009004021089,71.7302425689544,73.2836691082541,69.7346249033778,79.452996713056,81.2102935097921,67.8536571187481,77.3454248341893,79.0236309188211,78.0181186919919,88.8581285136758,90.7982419197121
2017-05-01,62.1256834910971,69.085486106022,71.3491647764636,80.3941676278867,89.4253082132148,92.3067915116465,60.5321842673043,67.3109698270063,69.5214200129889,63.0716406411785,70.1599385377125,72.444264228168,66.9886174389952,74.4513302633979,76.9100618116644,60.6895731379878,67.4921037809233,69.6879899547496,64.1983678868582,71.3454652931518,73.6696672623011
2017-06-01,59.6248392616946,66.9750707264037,69.6229751454419,79.759684459234,89.6168452299282,93.1108266504516,57.8161025696312,64.9409498297249,67.513207832919,61.9804521584984,69.6434269846894,72.3822802619387,62.1700057784272,69.7947372623196,72.5722680824282,57.4446259647392,64.5205215113788,67.0641570607327,57.7389506296139,64.8018001483477,67.3681355978592
2017-07-01,58.9422340477743,67.7267332850616,70.9620265480506,79.2778543157005,91.1183166365044,95.4207230572875,57.1078917691546,65.6165705390803,68.7559235200777,62.4667932729763,71.799625937985,75.2143649612761,62.4042216379745,71.6643747038575,75.1065511217926,59.8561241730567,68.7770737290533,72.0623310435015,64.2861285082057,73.8261068607776,77.3716354705373
2017-08-01,60.426922710275,69.7272282463387,73.9214880224605,75.2303192892077,86.8330575095553,92.0077745618315,59.1232474747731,68.2203697443608,72.3291028294285,66.1185791798953,76.3193863836885,80.8939233073757,64.9370837194884,74.8894280768513,79.414066534448,64.0023455644153,73.853210642739,78.2954294199573,72.277414635791,83.3553908401353,88.3909740586473
2017-09-01,61.3000167894461,70.7510097180511,75.5020914487839,75.2397810388605,86.8640024193186,92.64826915515,60.0803419503934,69.3407139780296,74.0023241031438,67.3703795999281,77.7822455469606,82.9888118578789,66.2357020152741,76.4046871493241,81.555821031715,62.7339442064654,72.4062754837503,77.2682861321711,69.2341403292699,79.8640834289221,85.2479178571828
2017-10-01,60.2130534555702,68.4123918198061,72.4735982834981,77.6417537308537,88.2388266073479,93.4277539642938,58.6584376358749,66.6436046141669,70.6048020160609,70.9979402129886,80.6917819213087,85.4647617578885,62.9115473881667,71.438166542786,75.6979245727703,60.2361127239167,68.4388379287248,72.5014025329777,62.944984048696,71.4766862777851,75.7382713959949
2017-11-01,62.2006282904916,69.260903762166,73.277492924567,81.0814233594605,90.3098272005766,95.4967503842559,60.5110168013979,67.3770043513454,71.289383061741,72.2234968364993,80.4472732280162,85.0954827533525,63.8457229441355,71.0527679376237,75.1920753232929,63.3557358188371,70.5473797730432,74.6383564149397,66.1335850910062,73.5994566338695,77.886642855634
2017-12-01,63.8815413598551,70.9753662809006,75.4534692121869,82.3683744840799,91.5404443133052,97.264804982819,62.2325647291943,69.1407076293362,73.5082528782222,71.8853767281222,79.8936463543778,84.9173716038436,65.693880343731,72.9479313122814,77.5698895973677,68.8151572553446,76.4571189395483,81.2808488303076,75.6751639272092,84.0320165168968,89.3557047440512
2018-01-01,65.5547571745479,74.5724286408426,80.4463503334812,81.6094802026346,92.8613409034934,100.123066720934,64.140918741396,72.9613926706856,78.7139822057556,72.8813553934662,82.9334913290404,89.4480212404423,68.9466171263804,78.3867838195593,84.5823071534592,69.9095028891472,79.5264972538643,85.790390448521,77.8139947668241,88.4689646234046,95.4607697875586
2018-02-01,68.3310997983393,76.2285603250335,83.1857945333629,82.8009826607003,92.3964025606406,100.776123347023,67.0735299381327,74.8228651383877,81.6575783302102,73.5340833829037,82.059227417962,89.5306227685479,72.1807466403901,80.4778723811594,87.8449015297394,70.9726204298055,79.1756638561443,86.4016221380049,77.575126531076,86.4929995293657,94.4100741413088
2018-03-01,67.834441785032,74.5198338053072,81.3406688553516,82.9712059134293,91.1736389839985,99.4663736540378,66.5123289666723,73.0647061265233,79.7579924236242,71.0178574837718,78.0420415706072,85.168150007527,71.431641902047,78.4274445362561,85.6273588424332,68.3400385928275,75.0755302178925,81.9469890300792,72.4693173618084,79.5673605359933,86.8713842802233
2018-04-01,66.6022982989803,72.566883675708,79.1470299362317,82.4812944282226,89.8928168801696,97.9923725991487,65.207122851206,71.044123373217,77.4916698264279,73.9122836455399,80.5573760209891,87.8444222715004,68.0146612261988,74.0640754171762,80.8001891535242,66.1998017924845,72.1286016123724,78.6687759641413,67.1131185232165,73.0829106618002,79.7292931028222
2018-05-01,68.5829176515164,74.4911676718086,79.7563448015223,84.658885152191,91.9775071565455,98.4267690376784,67.172520723238,72.9565578846776,78.1187897324617,75.9763410388377,82.5480147892673,88.3649067981207,68.1941858515621,74.027312559168,79.2795298820618,68.9635700478127,74.9048824676926,80.1990674616586,68.8049350531686,74.690879499927,79.9896805530805
2018-06-01,68.8806791700952,75.0776308400348,79.8055862721776,86.0164892490793,93.7810555013633,99.6343251151473,67.3696705231017,73.4279539369316,78.0575417685748,76.5488781070895,83.4625025882068,88.7006629555183,67.8777793586169,73.9429161157529,78.619074955724,70.9724492851207,77.3578691079882,82.2291805589241,71.9439265882815,78.3729934845717,83.3287940737893
2018-07-01,70.0036848851284,75.8482097469732,80.0965999387075,87.1368829506225,94.4379863589728,99.675081353283,68.4949537398057,74.2107591987929,78.3729747608869,70.2793173216485,76.1713058967361,80.4216312280952,70.6270679161005,76.4806234573344,80.7846389944341,70.2868736130241,76.1553162062479,80.4206730348819,71.0798429771516,76.9715180830875,81.3026548500901
2018-08-01,71.1153262292357,76.7725572772821,80.5105982486482,89.4462534503752,96.5884550504187,101.237963495064,69.5030591300048,75.0292465412186,78.687970147958,68.8577308287346,74.359239747338,77.9641085961157,71.4155572424056,77.0533347550413,80.8252596391421,71.5067856945485,77.1954357711348,80.9538301269169,72.0850800286156,77.7763117348354,81.5831218380594
2018-09-01,74.1089558691046,78.3634665360776,82.4717806930852,89.2575284919772,94.4078411985893,99.3049582723594,72.7687403655382,76.9434520342014,80.9830463330982,68.8099918711455,72.7836590865131,76.5840532325406,73.2148303989218,77.3744927723924,81.4513280787055,76.0156706787049,80.3799335437685,84.5937166786022,76.9358847039428,81.3075839481231,85.5911215653187
2018-10-01,76.2751706062646,80.0967812654747,83.7633864448238,89.1223199553455,93.6135304547776,97.8473168894401,75.1316974142324,78.8930855084697,82.5104232716059,71.0068023171545,74.5883955735474,77.9871695685495,76.8496348883155,80.65466546961,84.3679078802444,78.6088949105763,82.5477297220819,86.3262802404698,81.4267854038744,85.4591020590075,89.39298038223
2018-11-01,74.8144313449438,80.5061228902311,83.7586290879583,86.421498155501,93.0219818429175,96.7291498254012,73.7783137610481,79.3882305299142,82.6014138805916,67.3551115390869,72.5025908219598,75.4165922815495,76.3676387346583,82.1313014141929,85.4708406979989,76.5714584281293,82.3971172717807,85.7257705966367,79.7834636205196,85.8055892200801,89.2939747773134
2018-12-01,73.9449709622568,78.7419343001693,81.9688682358895,88.0776880085665,93.8174462435971,97.6107390194022,72.692171179132,77.404986899684,80.5828292971617,67.1671715014421,71.5474121447555,74.464541524424,75.3555854157942,80.1989521091661,83.5064797256709,75.7387226074915,80.6523411848768,83.9573205036839,78.8470550483151,83.9154779176587,87.3757387760012
2019-01-01,76.6955405287873,80.7857253870945,84.5827625309699,88.7502357917458,93.5091903208218,97.8526670401547,75.6199785743245,79.6498442423881,83.3993907001427,66.5672357927968,70.1397919485265,73.4217006941802,79.4466077642649,83.6364679783913,87.5893983352862,77.2782254128862,81.3997784973492,85.2254279925318,80.4901478330951,84.7356958823517,88.7400288730409
2019-02-01,78.9422073438984,83.3126867338039,87.1311454856664,88.5988673796237,93.5298653402278,97.7650724932058,78.0716521529385,82.3908738266402,86.1731766399391,69.3260556103991,73.1876494664294,76.5266695154993,83.6416547463699,88.2226908614239,92.2892689973169,81.1488022975618,85.6417543092041,89.5666992422479,87.9542581018089,92.7722101473457,97.0478939921721
2019-03-01,80.2528042030185,83.9432438064979,87.7951283157112,87.9150970890825,91.9833570677531,96.1534918015608,79.5530317991539,83.2082007286263,87.0325106316819,71.2296064768749,74.5290370216587,77.9332720068557,87.2353557162225,91.1955982598565,95.404128724819,80.5556792377085,84.260350472646,88.1265285421668,87.7048778418472,91.68714255276,95.9177620385865
2019-04-01,78.2837556194243,82.5566161581176,86.0896214428945,88.6798260775255,93.546022959594,97.4979259268873,77.3499710829977,81.5688334679264,85.0655817183456,70.3526971708674,74.2164910278222,77.3770309974322,88.3792581003529,93.1507577560061,97.1614369647941,79.2122228000292,83.5360619133462,87.1107280450356,90.1107909371751,94.9765066991545,99.0651804840145
2019-05-01,81.3878372796516,84.1399615606925,87.3772786092818,90.6141993346254,93.7042573789301,97.2582973610476,80.5530231634783,83.273824308335,86.4839317540753,68.2316294509203,70.561528154813,73.2616866792565,92.963531030884,96.0530637047668,99.7736934596195,82.5632455229118,85.3554239729875,88.639247461706,95.1864671013784,98.3506349815709,102.159627826392
2019-06-01,82.3156019317498,84.8621479597885,88.3039438234054,92.451777267346,95.3382971610517,99.1527137819338,81.402097693965,83.9172653566923,87.3269141176316,67.0723847638086,69.1695648476449,71.9604472765457,96.48946940977,99.4185876828295,103.476633833966,82.9447175287507,85.5110344894944,88.9788876321459,97.6069182950563,100.570734504877,104.675159453196
2019-07-01,83.7421170046038,87.044735469495,90.3985763666305,91.769576467289,95.4152002515267,99.0393500321395,83.0091666704577,86.279673435784,89.6103728602573,68.0755378434945,70.78302016005,73.4955256897893,98.255351094596,102.072933279957,106.03232862482,85.1738977432235,88.5333020013094,91.9442288971438,100.988659526815,104.913249988772,108.982144841511
2019-08-01,82.3137243996241,83.4954698344973,86.142879089979,89.5529677642511,90.8638026178613,93.695452289442,81.6461049299301,82.8151887048676,85.4470701769113,68.8427446812992,69.853516048136,72.0538964645468,92.9653843383722,94.2470442601962,97.2596789122584,76.7568736624866,77.8591223831166,80.3275840700486,81.0756138285378,82.1939903185176,84.8208194085147
2019-09-01,79.248395493058,81.0575889066803,83.3565393422945,88.2123763256232,90.2512009141293,92.7620031245711,78.4438701525704,80.2317158082124,82.5130774558435,69.9282922391444,71.547680549672,73.5621280305938,84.8487015880831,86.7369633524561,89.2193039705166,76.8622005205362,78.6172020495479,80.8467022059273,79.5529446324031,81.3239794414503,83.6508860377647
2019-10-01,76.3544680901093,77.7889707811272,80.145902085835,90.5140064932286,92.2400697771326,94.9847869681388,75.1313370596028,76.5400165216054,78.864682302112,70.2835861450931,71.6270254318096,73.7824279129179,81.3150487869658,82.7961810628475,85.3261645481514,75.8760808715323,77.3018746800142,79.6438147786313,80.0118535173751,81.4698767977636,83.9588119345685
2019-11-01,75.7346100730912,77.3278877840619,79.9088120267757,94.7220692836124,96.7415843137125,99.9177984168798,74.1204722581383,75.6769806137884,78.2083337494622,69.6887801747043,71.1777163851345,73.5385914489942,80.235575264591,81.8774924936158,84.6314307943983,73.2370311916543,74.7780354015446,77.2736290892408,74.7138490054487,76.2433593043399,78.8073054768295
2019-12-01,74.9717958609213,76.9422100915949,79.6947584817754,94.341486277561,96.8477914627904,100.259597677119,73.3273989319044,75.2517990994537,77.9493862086105,68.5260306594142,70.3496195046007,72.8516823036433,79.1034861231751,81.1368561124263,84.0604867203674,74.8194698182832,76.7861575191504,79.5328909118184,78.480635018663,80.4986153763075,83.3987307430709
2020-01-01,75.7200190948663,77.5487476471317,80.4301519328752,91.9171290859456,94.1631091097938,97.610384675008,74.3322321377898,76.1246156526889,78.9586880754091,68.6421995266166,70.3225643179851,72.9208176276256,80.2763398868612,82.1688949324048,85.243283368638,77.1048466229783,78.9673051879963,81.9011781977876,82.8643136916662,84.8185357119701,87.9915159288415
2020-02-01,77.472720013755,77.6369552801357,79.8778707656096,95.5818953410256,95.8110487238038,98.5246073176563,75.9281253705607,76.0862593277812,78.2879512895639,66.6412934802633,66.8040116114818,68.7184345851662,81.0970066110409,81.2232428283678,83.5885769953774,78.1391828064258,78.3051133067933,80.5650791742254,82.168777232721,82.2973165226351,84.693403877664
2020-03-01,81.953320641817,76.4494146593358,78.8377598910617,96.9478107035204,90.4619364374431,93.2388965842679,80.6569935787212,75.237352305858,77.5933183651664,66.3423106698873,61.9066975171774,63.8278885474058,89.4205415447156,83.3682555786675,85.9942569130382,82.4361768581836,76.9001200432427,79.3023140342441,90.1207886660336,84.0217556430592,86.6678038721507
2020-04-01,78.3890257888805,74.3648239213539,76.1775261654556,92.9860614775856,88.2369330803132,90.3401588287702,77.1284199447924,73.1662144913252,74.9549998052986,62.4593020313619,59.2718997712379,60.7045003215417,86.718035624649,82.220010457711,84.2452573658413,75.4888165597098,71.6137589393351,73.3591874656695,80.3754531068986,76.2070025904004,78.0836524870134
2020-05-01,76.3240770193805,74.927140165097,76.7610957285477,94.5625158610501,92.8574767806556,95.0801857093091,74.770119431659,73.3988971404451,75.2007641491607,61.5832942769331,60.4755666319394,61.9433494565662,84.8256897695224,83.2263416162502,85.2847608919041,74.0176513292157,72.6631903432653,74.4415148325937,79.7341369965276,78.2313910426368,80.1657740232656
2020-06-01,72.3003221605279,74.3397223021688,77.0415566126929,91.3635271789793,93.9666673273016,97.330526567056,70.6833953603697,72.6744861444871,75.3211244331071,62.2704367244181,64.0474800855054,66.3619122835083,80.5192927767986,82.7439907345694,85.7727235131117,71.9468613138031,73.9765580454715,76.6649694018542,79.5227327484893,81.720526670365,84.7112714723205
2020-07-01,70.6504096252302,73.4727183845543,76.7130116870949,85.7710514623865,89.2220963075576,93.1078893457137,69.3548920539567,72.1227684505248,75.3088514282097,65.497481400644,68.1358154909415,71.1264467211063,80.2623068042149,83.4216683634091,87.1225179271699,70.6637089411264,73.4868139911196,76.727504796528,80.0509580225713,83.2026419981339,86.8932358764491
2020-08-01,71.0619522142152,74.5384796822521,79.0471149301846,83.478723949334,87.5869619598369,92.8359294853131,70.0072928203296,73.4294955305855,77.8765579863089,67.202243916169,70.5125798523321,74.7626743024734,84.4908040093847,88.5744875527304,93.9556203209441,72.1572343293541,75.6876186757011,80.2655278212907,86.7369344763731,90.9298812926968,96.4535121349416
2020-09-01,71.6915216528519,75.5208134068563,80.1657240018539,86.1730067684867,90.8009457277721,96.3348812256363,70.4536047441243,74.2140177360698,78.7841247092597,67.5640770960888,71.1957620874312,75.559475322777,86.9017572395924,91.4920225424102,97.1435367953922,72.9531115048834,76.8500662745914,81.5764943127691,89.5936503894804,94.3268325628623,100.152833414116
2020-10-01,73.8962958800619,76.6036654486365,81.3795089219583,94.3739613494278,97.8586749585692,103.904888103637,72.1264420173315,74.7661908477275,79.4330940425412,69.2402418501837,71.8000739085558,76.2611123091174,88.308849019504,91.4927992406325,97.2212166573574,73.9731361045991,76.6835974452321,81.4641862877286,88.4899144211089,91.6811000252908,97.4207027821151
2020-11-01,75.7774254829118,79.6471302302366,85.048616190754,95.6973290770959,100.612135618705,107.378818491525,74.0585224640307,77.8375564944332,83.1221989549989,72.5791316297744,76.3100060036487,81.4688033577918,89.9466262586867,94.4867636605577,100.919877780099,75.5090512917643,79.3653372645013,84.7474651015463,89.3806673718639,93.892961668156,100.285024838573
2020-12-01,81.853874842842,88.0887593819707,95.1726343426195,93.8965207482142,101.076690879267,109.147488358458,80.840107994175,86.9945407929195,93.9970680838912,74.5351359147634,80.2383024330113,86.673445083914,100.633048273281,108.237483859293,116.970920496348,84.6500919500228,91.0982954329672,98.4239021393049,106.581130558864,114.635923020559,123.884866741415
2021-01-01,85.6525076929807,94.3169111101223,102.230719972203,99.3094074860467,109.385597132519,118.501303165818,84.4977949963788,93.0419335542682,100.855895030221,72.8248836952097,80.2174255775593,86.930724770025,106.853852272509,117.596793435381,127.495821822984,88.4096112169092,97.3532677371921,105.521538624154,112.827965784595,124.172493928009,134.624214655312
2021-02-01,86.8433777838198,96.1474313105841,104.042502292397,102.670860736363,113.702089703083,122.973825493691,85.496383741968,94.652608973722,102.432176863245,75.7851039863279,83.9313606280633,90.8050697790724,108.697618123448,120.275401661106,130.184278716723,89.3213880189084,98.8912823225516,107.011349871507,114.124886367562,126.28172222054,136.684581572849
2021-03-01,89.1936243297529,98.9976118047948,106.255831790839,101.210949163354,112.366969610725,120.541852171799,88.1872832325519,97.8770191575047,105.060509440038,79.3790515380535,88.132531625259,94.5751487838922,112.857362524009,125.192010010795,134.404339941454,88.766795035034,98.5242215833755,105.747425044397,112.400415677391,124.686083239355,133.860353932226
2021-04-01,92.5719640981657,102.475739694078,109.961847799383,103.178709738094,114.248877258971,122.530453897924,91.6935057183652,101.499528676214,108.922024109998,82.6186242160002,91.486913510773,98.150535534273,117.737356672237,130.260180057758,139.810974911881,92.5787008516815,102.483566763683,109.96992540449,118.225197789425,130.800917955543,140.390489389206
2021-05-01,97.8592692130782,108.406183996269,117.316823156485,106.827055730481,118.373261135923,128.035671514315,97.1303583150132,107.594716172496,116.446889356911,87.7955025554629,97.289011716556,105.264700464934,126.844343090119,140.436178102899,152.017596419953,100.455679486535,111.282827210306,120.42956537054,132.830185473263,147.06455966315,159.191616498082
2021-06-01,105.123006894009,115.118857030346,124.242370646349,106.738763842615,116.920624870808,126.12045310922,105.053338460438,115.038289893588,124.164198086711,87.3555235494355,95.6926317832006,103.25580802754,136.432324003843,149.3213063082,161.195778393026,110.638609794738,121.159359987202,130.761219534824,148.476242919521,162.504287092861,175.426020681653
2021-07-01,110.71601563411,118.757185717071,127.004585277803,113.259020788897,121.518532451774,129.889233397079,110.567790105674,118.593788518816,126.838809426796,90.5646497349954,97.173443836752,103.901024078309,142.992344484883,153.291489826407,163.978221291045,116.978759257743,125.475237324909,134.188797333826,156.56565645908,167.843725702878,179.543854063947
2021-08-01,103.305937600994,109.11447855526,116.583952304132,120.162463393384,126.953940528982,135.573157938681,101.624629441843,107.334648258204,114.690392899258,93.7959233816897,99.1015608815882,105.864321324805,123.728747443562,130.612133522454,139.588145969694,105.800676722854,111.749891363823,119.399424516291,129.050750763938,136.231265924629,145.592536981029
2021-09-01,95.6378120231984,101.269941687786,108.189517533593,121.785887681667,128.993598594773,137.734874281896,92.9581439967019,98.4288104608356,105.161693479602,96.4851405793349,102.19997645065,109.16116202667,104.147602065108,110.218884777857,117.779378753586,102.871541304629,108.930059552395,116.372696223378,118.816640652744,125.74402456745,134.368636210352
2021-10-01,97.9564760846127,105.458192461522,111.898269263234,125.522227933896,135.172415224828,143.351504025564,95.1283473123166,102.409674615801,108.671270048933,100.429978466386,108.15583967573,114.737596878957,103.084014155204,110.916026098518,117.718838920264,109.437888637546,117.819301028375,125.013875640644,126.37982830788,135.982834640122,144.322174871453
2021-11-01,102.929514944523,110.244510723861,116.291054845288,130.956538781278,140.30220640846,147.919343456777,100.057756073948,107.16468007307,113.050299633807,96.4366133558877,103.323339008535,108.96838094743,104.857223518316,112.246087383902,118.432028989973,104.215764550038,111.622574074172,117.744356416575,106.890211976833,114.423214833706,120.72839023739
2021-12-01,105.935541162048,111.497973419514,117.14945992777,133.061109126193,140.086630086665,147.109642216073,103.163148777194,108.575975042422,114.087421739861,99.2526179894141,104.497689722715,109.772293027003,110.300410265964,116.026775097685,121.938307047824,110.295890310275,116.08769314695,121.971462003973,118.776588489668,124.943966934306,131.309012846427
2022-01-01,113.609641224982,119.758368000954,126.039444435934,133.105937700765,140.34869364282,147.631869673268,111.658526797372,117.697283369025,123.879019815458,105.039522019062,110.759975570076,116.545683348987,123.904424317099,130.536902840206,137.417656559674,123.789724946849,130.489883941507,137.333404800676,144.621163484252,152.36376326092,160.394041578495
2022-02-01,120.278510979368,126.34766711399,133.010699102128,135.514282484743,142.391648865178,149.821797009338,118.788675805717,124.778020067554,131.367564748618,109.822893076356,115.4015118493,121.462880790171,136.824507085811,143.647769261384,151.260961739063,130.654428527792,137.24764000549,144.485067555981,158.167876984625,166.056786333718,174.856550385422
2022-03-01,126.947695483768,139.089155364008,144.52766348942,146.241274619855,160.272376519318,166.451426985504,125.032957839985,136.986199882363,142.352546479875,112.958751801715,123.802030282443,128.616950718719,145.36914753764,159.182932629095,165.448500720891,143.979560014458,157.750540771236,163.918246605999,180.516441397611,197.671642487322,205.450882743364
2022-04-01,136.258549421017,151.719116992623,155.771678768033,147.864639965602,164.68769078102,168.997573145238,135.173105582836,150.504921484628,154.53597832417,110.1632335769,122.702286045654,125.954468091525,161.309517032593,179.5115287545,184.352555441039,139.621414510843,155.464110005402,159.616237821068,168.39809096457,187.401415991392,192.454021634355
2022-05-01,136.827708276433,147.829291440265,149.072615895669,156.053745378627,168.647886638105,169.976708298272,134.931114671473,145.774786790743,147.011227046465,103.04498423031,111.366028719372,112.280112855335,160.189723112086,172.972436244833,174.470860128904,143.871988109567,155.440524651277,156.747405801895,174.818129228757,188.769606147495,190.403696559371
2022-06-01,137.515993319416,148.481667053861,149.443078012166,145.900632697449,157.578537159356,158.515292972497,136.775135768353,147.676245964217,148.642952542105,97.1831006808396,104.966280885475,105.624705008386,161.690974940805,174.486251875356,175.659970477493,136.454406973986,147.335960006032,148.289519378493,159.580159577477,172.209727171182,173.367056887319
2022-07-01,133.738208817739,143.05308724969,141.637336094654,128.423465228356,137.406216482268,135.974675377553,134.452609753109,143.811903093147,142.398711320377,88.3703072043142,94.5556601394082,93.6010620208091,151.137831198869,161.573721354582,160.014694075556,126.91487794005,135.755000328662,134.411083380842,136.843347478169,146.293348619486,144.880863220134
2022-08-01,128.316508550014,139.650553823863,138.017594795857,126.182723637822,137.366328369807,135.688554777599,128.61600393251,139.971302790249,138.3443756438,91.625075513428,99.7502304256962,98.5640250036028,136.691224267015,148.681375718006,146.979574555976,127.902397015897,139.200366307404,137.572269517717,135.773298719162,147.6840715097,145.992779887538
2022-09-01,135.603311201025,144.268314389782,140.065272706458,133.537895072825,142.110266568448,137.897407624522,135.89514642808,144.573426307918,140.37142143608,88.2892112362987,93.9610224261516,91.205279305663,139.702509482051,148.545903624734,144.25431612595,136.415936739137,145.133389805212,140.904733822552,141.379707321095,150.33043026675,145.986381110807
2022-10-01,137.781890460946,140.849124995473,135.543713287568,137.584339770157,140.686129869347,135.315529960641,137.831003079011,140.894096161073,135.596578666685,92.486373125838,94.5756199137224,90.9949210853893,141.441267708981,144.50868983751,139.100218468477,137.871550669118,140.94128945377,135.632009938774,141.628401434701,144.70099796905,139.284465202863
2022-11-01,130.405129774566,136.006721470634,132.824912719273,131.78185669746,137.480651920972,134.193624896456,130.248105671774,135.837905433579,132.669427224484,92.7590879613495,96.774647867085,94.4916640787849,136.977771315117,142.781388582274,139.475970281962,127.420088108974,132.893935695871,129.784569864722,130.762079172091,136.303394789895,133.147117483
2022-12-01,129.99131111961,135.697831627208,135.474163825124,122.301113768915,127.705399636972,127.427735624271,131.014228174016,136.760572771433,136.54480848394,93.9768713182727,98.1338867028498,97.9524495974483,138.995310957982,145.015539488786,144.812728511593,132.867686251071,138.700977655543,138.471955319336,144.880431716646,151.156725139653,150.944389150047
2023-01-01,128.959892695617,137.15337880595,138.419421614995,117.364014130026,124.855324449088,125.941459199984,130.49093797288,138.776543175782,140.067473476762,96.0232032073057,102.156844829545,103.079124314094,138.856744539901,147.596016505203,148.995714867045,133.942363512549,142.45292538187,143.767467548324,149.089325166176,158.47383066078,159.975694377559
2023-02-01,128.007219139009,135.898154796233,136.740332206306,117.510192651083,124.788596414348,125.495774954116,129.395092913449,137.366479588278,138.227530580502,93.9064124256066,99.7272354265195,100.325095282227,142.950733734202,151.677546574382,152.655687177447,126.840415504881,134.659909809248,135.494017850282,140.392464175245,148.964249492694,149.923962592754
2023-03-01,125.112995051536,128.791161270001,129.260977900418,112.558851861731,115.900032446771,116.261539577267,126.768099916176,130.490075932635,130.975351411775,94.195211988062,96.9955701065125,97.3298397415956,141.612334867877,145.693618977083,146.261671353365,123.436011362456,127.065334585768,127.528483037033,137.977630343661,141.955256720557,142.507849454728
2023-04-01,119.149333372755,121.565135178657,123.221789969088,112.916596935865,115.237934660511,116.746824357171,119.980728199476,122.408838904396,124.085765664748,93.7473633066081,95.6788432416849,96.9632407273017,134.18815230865,136.831914282849,138.731314510995,113.61664552834,115.920687855062,117.500078487498,122.589511326347,125.005722149314,126.740173711608
2023-05-01,111.378141741613,113.522423892049,114.441922214627,107.098412717317,109.190533170671,110.016952093164,111.954043205752,114.105173307734,115.037526137889,89.4305280926018,91.1815387107212,91.9016132914228,122.506190493704,124.794524936263,125.836793438502,104.776945067067,106.794524325025,107.659214134049,108.742412867453,110.774503452805,111.698985615317
2023-06-01,105.686507426608,109.285970959396,109.531357613293,100.47018791797,103.920768119315,104.099234948907,106.383334374099,110.002443362629,110.257235146583,87.5346810962035,90.5449965580965,90.7300692386831,115.188856146062,119.044995772824,119.342140253426,102.834822951978,106.337547504069,106.576002540734,109.203918917254,112.860573235639,113.141579177927
2023-07-01,105.516231836204,108.839408564381,109.831902857619,101.083101285848,104.295536434524,105.191147101858,106.111102030115,109.448947411564,110.454810381113,87.1901858868706,89.965073073017,90.7672132780761,114.394001617655,117.930451539537,119.035614647491,103.504696377206,106.764905909566,107.738168315152,110.155705713008,113.562006108569,114.625520149734
2023-08-01,106.515425129844,106.622630735512,106.831283200626,98.0915066616764,98.217428323843,98.357785887034,107.64580871673,107.750148685386,107.968642179364,89.6204360293101,89.739444120751,89.8969911941862,116.258400033031,116.309995763607,116.566756876166,106.13884140504,106.246051142665,106.453655690379,115.463184568133,115.515318331877,115.769607051255
2023-09-01,108.599422981445,108.658612303973,107.795667524411,92.4272234443691,92.5032109249613,91.7202213372209,110.769528139708,110.825782605185,109.953401501489,91.630472607298,91.7098529020826,90.9632312064438,122.116938409594,122.114814333766,121.175306828834,112.888865392246,112.950799900227,112.053440094689,131.14772540134,131.146455757969,130.13665483673
2023-10-01,109.385552719609,108.992090142771,107.400500484667,87.9254179301541,87.6334120402092,86.3082239156573,112.265232079047,111.857255282967,110.231620770655,90.4642316476909,90.1677739821859,88.8332195582603,126.387081650407,125.86167603569,124.054767010987,112.859763705367,112.454209848796,110.811739839589,133.700204553907,133.145424377085,131.233133602037
2023-11-01,111.861482088854,112.839114374853,112.187714844996,89.3069181586965,90.1123814536205,89.5449780599559,114.888020032255,115.887797566003,115.226946349128,90.0739745387616,90.890367630604,90.3475173871609,132.614131265725,133.697939384124,132.959376375645,111.879305929091,112.857500988266,112.205667533225,132.647161151655,133.732270667575,132.992693081324
2023-12-01,110.039302779367,113.437055125066,113.767987533073,92.5594997417105,95.4439439142521,95.6719538323188,112.384871831398,115.850745464765,116.196935775739,87.272560498126,89.9962192838738,90.2406319014269,129.759462360671,133.690934897207,134.114493962251,111.696141793686,115.145468643274,115.481047692604,133.244542646708,137.282665531854,137.716749672826
2024-01-01,112.645018923478,115.537728034088,115.855124166663,97.1853378113773,99.7086518168643,99.9298883168182,114.719513097852,117.661123366015,117.992696093815,87.8383048412609,90.1229108755992,90.3523316532514,134.768504773001,138.151641728217,138.565813783427,112.545858944388,115.436437939072,115.753217669516,134.554864675117,137.933702415503,138.346362963484
2024-02-01,111.813117134328,113.189965794602,112.80719941672,99.5608695978817,100.814759772494,100.420907669838,113.457214186075,114.850040857629,114.469754983827,88.3230705438332,89.4393771900619,89.1190165526387,131.517976672563,133.062629661011,132.645833607569,109.476927498491,110.825408367385,110.450315388747,126.59359535203,128.081400313919,127.679415143569
2024-03-01,105.501193115375,106.989350358865,106.888465488649,95.7408907680176,97.1182633471679,96.9755683943568,106.810902559761,108.313509759833,108.219028548769,90.8353383842463,92.1462045348916,92.0408188036618,119.507133209071,121.124728669143,121.040785016654,101.536611881788,102.969217681279,102.871823051464,111.154537289735,112.659944650834,112.581169069219
2024-04-01,103.132621050604,104.639279748975,103.774284175152,96.1125126700688,97.5436229921753,96.6863178379976,104.074631033429,105.591128374099,104.725669636929,100.336517060959,101.835017338596,100.972910912582,112.354239926688,113.931538469715,113.017992608395,102.209168602542,103.702710619438,102.845156711196,110.407412099955,111.958243382179,111.059831259432
2024-05-01,102.759434738786,105.763898757169,105.065038427224,97.5541900789074,100.434272342604,99.7180652111268,103.457912905625,106.478842806606,105.782738306192,104.011464003943,107.086910253132,106.357933446772,112.040111684072,115.251102230083,114.518191822144,104.286423934972,107.335920906954,106.626361579589,115.253991092876,118.558003574322,117.803333047595
2024-06-01,100.63110984347,104.238784205572,103.374537547351,94.4401272236858,97.8529454801419,96.9905181519771,101.461861608999,105.095414115867,104.231435415026,99.3259511605132,102.919872899294,102.046053553332,109.348868793959,113.205409190861,112.294902886465,99.2509187703499,102.809483371899,101.956789243702,106.440242100661,110.195050316988,109.30807818462
2024-07-01,100.68744839525,104.42882844652,103.810862818937,96.8291347840016,100.454960333957,99.8078994366503,101.205185407508,104.961903964264,104.348162374941,95.164367087198,98.7322122025442,98.1282362711071,107.427117875123,111.356303078046,110.725033881814,99.7292534712263,103.435401594142,102.823014272993,105.407660233895,109.263825787098,108.643744766645
2024-08-01,97.9659705706168,100.097574788515,100.713977095513,96.7209877946768,98.8528734084625,99.4092100443424,98.1330315531271,100.264545562032,100.889110038369,93.2727724198928,95.332861599574,95.9006499351276,101.892335693176,104.050851096913,104.717785729532,96.9835909005627,99.094177257571,99.7041093658716,99.8225551793864,101.938010012476,102.590765619255
2024-09-01,93.9432535433635,96.9056247748683,98.2404111475522,97.8552352511026,100.968921838397,102.305748801321,93.4183149496036,96.3605527884475,97.6947393769722,94.8697046354583,97.8927144285393,99.2211569495974,93.2278423367251,96.1135970964733,97.4618474285031,92.8649354425487,95.7936488577858,97.1128350865302,90.9570202266911,93.7732077009143,95.0880379978572
2024-10-01,97.202569602848,100.376503810553,100.856725625346,97.8450106337468,101.067906130212,101.497933961304,97.1163621211855,100.283755475912,100.77065914876,100.11892426994,103.42128447594,103.895193714017,97.7062189161957,100.839883515683,101.347667422728,99.2509484137486,102.492137503999,102.982180106631,102.020070492451,105.292902404814,105.822453298802
2024-11-01,100.188583362697,102.076582442113,101.165894299848,97.5230720281408,99.3883597714566,98.4497598866492,100.546261357163,102.437194735068,101.530468660112,100.007693854721,101.92500276238,100.995370289792,100.863813353305,102.706771623981,101.815923466165,101.425811855259,103.337498495887,102.415261761652,103.469315310247,105.360693288928,104.446177940297
2024-12-01,105.540158658072,104.884342718219,103.269124321789,100.777126274887,100.178644922446,98.5839284924417,106.179297516088,105.515589709255,103.897996834099,101.927707596598,101.326865650819,99.7463867223821,106.607972283196,105.885967839532,104.281403282788,105.736237154931,105.079581752162,103.461054438215,107.020688851462,106.296709127118,104.68527097637
2025-01-01,105.094083719578,103.433593976034,101.129532637477,101.623837606048,100.045878679808,97.7657467788022,105.559746969289,103.88803987971,101.581038303594,103.203467625864,101.60546569318,99.3221668826837,106.177119952917,104.440777801568,102.139823975795,104.642502614009,102.989519277525,100.695055880827,105.225838314912,103.505851044827,101.224866882839
2025-02-01,104.553451696521,103.528246588871,101.735923482787,101.01279307,100.050008067437,98.2661034156699,105.02856341719,103.994835752913,102.201661638107,104.889753460703,103.894601572262,102.075422259547,104.894626733907,103.807691877106,102.036048240489,104.668877568956,103.642914414125,101.848308605989,105.13764375063,104.048993226284,102.27259702074
2025-03-01,101.300655781651,98.8098204128235,98.5501824446573,99.6320332050019,97.2091422148654,96.9026307653309,101.524563881009,99.0245437843468,98.7713258080252,107.36624147543,104.759890811359,104.463624451682,100.179977367393,97.6617701467293,97.4295141872887,99.9744626978239,97.5165881572339,97.2600642327547,97.3872094730151,94.939935845431,94.7135653716161
2025-04-01,99.6205476186372,95.60224595739,96.7562180042775,103.229321012122,99.0928925629766,100.236161960635,99.1362957555402,95.1339923078408,96.2891209653823,98.6949987882283,94.7444437177224,95.8687952192946,95.9296085806188,92.0084367978109,93.142322760817,100.401954499716,96.3524814301881,97.5152243667263,97.5760818847249,93.5883314961688,94.7410999741983
2025-05-01,97.4409052484743,95.3628464664349,96.9726463808784,102.048415123087,99.8997553395843,101.532621767952,96.8226355491223,94.7542417070403,96.3605816386154,99.4000739691656,97.3114708888774,98.9342826604918,93.8440977163466,91.7911198259385,93.3639747969473,98.4052634626788,96.3069857529976,97.9324373950626,95.8758527978287,93.7791505756633,95.385479102121
2025-06-01,96.4623718022916,94.493789617658,96.7985017409378,104.903033217186,102.790656730399,105.242254688901,95.3297415231744,93.38080433317,95.6651352130224,101.084294816801,99.0531861968038,101.448714644277,91.2492691910957,89.3368293002191,91.5386548271327,95.916161918541,93.9590655063842,96.2504544867481,90.1000634847575,88.2123894902782,90.3859410492596
2025-07-01,96.0854081820666,94.3834365723514,97.1452284674926,108.131537173707,106.24560854133,109.296891449587,94.4689696387544,92.792182588873,95.5141660516108,101.868146740043,100.095876264364,103.004121809284,90.298686615475,88.6493569864994,91.2661856559763,97.820653914749,96.0882922266029,98.8996816799818,93.9544347928673,92.2390433722792,94.9612464943264
2025-08-01,99.1861619116731,96.9153251080911,99.4355629145431,113.674936258389,111.103145774656,113.932275027943,97.2419511767856,95.0120964066705,97.489735226854,102.158939240522,99.8520947854541,102.428117317003,94.1391344631992,91.9321426101914,94.3463893786711,100.383780486562,98.0858783001722,100.636261810858,96.662459436546,94.3970389836453,96.8754159461384
2025-09-01,100.009482526798,98.8926497376101,101.874013091193,114.459638673513,113.212783594942,116.564419107611,98.0704538671652,96.9716718505913,99.9021867524662,103.38461068338,102.262913994158,105.324715575204,95.2195289339476,94.1032605502784,96.964484964345,100.782942865741,99.6578320335919,102.661963795811,96.8495052504579,95.71486671963,98.624480523913
2025-10-01,101.947518078496,100.556385160253,103.116739728762,110.771505387071,109.290224460213,112.013913994212,100.763450300277,99.3847821339717,101.92251252107,110.254571587226,108.785004811171,111.532461235895,96.9627087856723,95.5858363403121,98.0441504330716,102.558905608775,101.159794766855,103.735210239925,98.2513961425735,96.8569713530398,99.3473607631416
2025-11-01,104.277101979175,102.76897754782,104.829596980116,115.197861192582,113.563237041747,115.779262233951,102.811673863052,101.320978946609,103.359873248612,111.762634231704,110.181618100622,112.368286053287,97.2884030269317,95.827457752017,97.7733441771739,105.168448434935,103.647806547223,105.725738515321,99.1671294326515,97.6787253735531,99.6615857294154
2025-12-01,103.571519961679,103.549841357622,106.307507309006,111.320965002908,111.328489123839,114.233095728524,102.5316421999,102.506372735144,105.243691647408,114.163726536032,114.176482269315,117.193597422536,96.2985826772186,96.2243071449216,98.811595627053,104.836011347622,104.814446065271,107.605475728294,98.9632277455452,98.8876596654552,101.545930758271
